2025-10-19 00:16:29 - prefect - INFO - Starting temporary server on http://127.0.0.1:8757
See https://docs.prefect.io/v3/concepts/server#how-to-guides for more information on running a dedicated Prefect server.
2025-10-19 00:16:34 - httpx - INFO - HTTP Request: GET http://127.0.0.1:8757/api/health "HTTP/1.1 200 OK"
2025-10-19 00:16:34 - httpx - INFO - HTTP Request: GET http://127.0.0.1:8757/api/admin/version "HTTP/1.1 200 OK"
2025-10-19 00:16:34 - httpx - INFO - HTTP Request: GET http://127.0.0.1:8757/api/csrf-token?client=2bff74e2-ee68-4660-af24-8e9d66d24d10 "HTTP/1.1 422 Unprocessable Entity"
2025-10-19 00:16:34 - httpx - INFO - HTTP Request: POST http://127.0.0.1:8757/api/flows/ "HTTP/1.1 200 OK"
2025-10-19 00:16:34 - httpx - INFO - HTTP Request: POST http://127.0.0.1:8757/api/flow_runs/ "HTTP/1.1 201 Created"
2025-10-19 00:16:34 - httpx - INFO - HTTP Request: POST http://127.0.0.1:8757/api/flow_runs/20cb7eb2-76ba-49dd-9501-608b65b4609e/set_state "HTTP/1.1 201 Created"
2025-10-19 00:16:34 - httpx - INFO - HTTP Request: GET http://127.0.0.1:8757/api/flow_runs/20cb7eb2-76ba-49dd-9501-608b65b4609e "HTTP/1.1 200 OK"
2025-10-19 00:16:34 - prefect.flow_runs - INFO - Beginning flow run 'expert-pig' for flow 'orchestrated-chunk-embed-upsert-pipeline'
2025-10-19 00:16:34 - __main__ - INFO - 🚀 Starting Chunk->Embed->Upsert Pipeline
2025-10-19 00:16:34 - __main__ - INFO - 📋 Step 1: Executing transcript chunking...
2025-10-19 00:16:35 - ingestion.transcript_chunking - INFO - Starting transcript chunking process...
2025-10-19 00:16:35 - ingestion.transcript_chunking - INFO - Found 101 files in /home/sidd4ml/capstoneproject-2025-llmz/data/raw_ingested_transcripts
2025-10-19 00:16:35 - ingestion.transcript_chunking - INFO - Found 3 files in /home/sidd4ml/capstoneproject-2025-llmz/data/raw_asr_transcripts
2025-10-19 00:16:35 - prefect.task_runs - INFO - Finished in state Completed()
2025-10-19 00:16:35 - ingestion.transcript_chunking - INFO - 
Processing: The Worst Things To Do When You Have Lice_25-10-12 08:57 PM.json
2025-10-19 00:16:35 - httpx - INFO - HTTP Request: GET http://127.0.0.1:8757/api/flows/b17889ed-d3b1-418a-88b9-746b1b61a768 "HTTP/1.1 200 OK"
2025-10-19 00:16:35 - ingestion.transcript_chunking - INFO - Processed /home/sidd4ml/capstoneproject-2025-llmz/data/raw_ingested_transcripts/The Worst Things To Do When You Have Lice_25-10-12 08:57 PM.json: 6 chunks created
2025-10-19 00:16:35 - ingestion.transcript_chunking - INFO - Saved 6 chunks for 'The Worst Things To Do When You Have Lice' to /home/sidd4ml/capstoneproject-2025-llmz/data/chunked_data/the_worst_things_to_do_when_you_have_lice_20251019_001635.json
2025-10-19 00:16:35 - ingestion.transcript_chunking - INFO - 
Processing: How to Survive Eating Bad Sushi_25-10-12 08:55 PM.json
2025-10-19 00:16:35 - ingestion.transcript_chunking - INFO - Processed /home/sidd4ml/capstoneproject-2025-llmz/data/raw_ingested_transcripts/How to Survive Eating Bad Sushi_25-10-12 08:55 PM.json: 7 chunks created
2025-10-19 00:16:35 - ingestion.transcript_chunking - INFO - Saved 7 chunks for 'How to Survive Eating Bad Sushi' to /home/sidd4ml/capstoneproject-2025-llmz/data/chunked_data/how_to_survive_eating_bad_sushi_20251019_001635.json
2025-10-19 00:16:35 - ingestion.transcript_chunking - INFO - 
Processing: How To Escape Quicksand_25-10-12 10:30 PM.json
2025-10-19 00:16:35 - ingestion.transcript_chunking - INFO - Processed /home/sidd4ml/capstoneproject-2025-llmz/data/raw_ingested_transcripts/How To Escape Quicksand_25-10-12 10:30 PM.json: 7 chunks created
2025-10-19 00:16:35 - ingestion.transcript_chunking - INFO - Saved 7 chunks for 'How To Escape Quicksand' to /home/sidd4ml/capstoneproject-2025-llmz/data/chunked_data/how_to_escape_quicksand_20251019_001635.json
2025-10-19 00:16:35 - ingestion.transcript_chunking - INFO - 
Processing: How to Survive a Wildfire_25-10-12 09:00 PM.json
2025-10-19 00:16:35 - ingestion.transcript_chunking - INFO - Processed /home/sidd4ml/capstoneproject-2025-llmz/data/raw_ingested_transcripts/How to Survive a Wildfire_25-10-12 09:00 PM.json: 7 chunks created
2025-10-19 00:16:35 - ingestion.transcript_chunking - INFO - Saved 7 chunks for 'How to Survive a Wildfire' to /home/sidd4ml/capstoneproject-2025-llmz/data/chunked_data/how_to_survive_a_wildfire_20251019_001635.json
2025-10-19 00:16:35 - ingestion.transcript_chunking - INFO - 
Processing: How to Survive The Most Dangerous Hikes in the World_25-10-12 10:29 PM.json
2025-10-19 00:16:35 - ingestion.transcript_chunking - INFO - Processed /home/sidd4ml/capstoneproject-2025-llmz/data/raw_ingested_transcripts/How to Survive The Most Dangerous Hikes in the World_25-10-12 10:29 PM.json: 6 chunks created
2025-10-19 00:16:35 - ingestion.transcript_chunking - INFO - Saved 6 chunks for 'How to Survive The Most Dangerous Hikes in the World' to /home/sidd4ml/capstoneproject-2025-llmz/data/chunked_data/how_to_survive_the_most_dangerous_hikes_in_the_world_20251019_001635.json
2025-10-19 00:16:35 - ingestion.transcript_chunking - INFO - 
Processing: How to Survive a Hot Dog Eating Contest_25-10-12 08:54 PM.json
2025-10-19 00:16:35 - ingestion.transcript_chunking - INFO - Processed /home/sidd4ml/capstoneproject-2025-llmz/data/raw_ingested_transcripts/How to Survive a Hot Dog Eating Contest_25-10-12 08:54 PM.json: 5 chunks created
2025-10-19 00:16:35 - ingestion.transcript_chunking - INFO - Saved 5 chunks for 'How to Survive a Hot Dog Eating Contest' to /home/sidd4ml/capstoneproject-2025-llmz/data/chunked_data/how_to_survive_a_hot_dog_eating_contest_20251019_001635.json
2025-10-19 00:16:35 - ingestion.transcript_chunking - INFO - 
Processing: How to Survive Social Isolation_25-10-12 08:53 PM.json
2025-10-19 00:16:35 - ingestion.transcript_chunking - INFO - Processed /home/sidd4ml/capstoneproject-2025-llmz/data/raw_ingested_transcripts/How to Survive Social Isolation_25-10-12 08:53 PM.json: 9 chunks created
2025-10-19 00:16:35 - ingestion.transcript_chunking - INFO - Saved 9 chunks for 'How to Survive Social Isolation' to /home/sidd4ml/capstoneproject-2025-llmz/data/chunked_data/how_to_survive_social_isolation_20251019_001635.json
2025-10-19 00:16:35 - ingestion.transcript_chunking - INFO - 
Processing: How I Survived a Tsunami_25-10-18 11:00 PM.json
2025-10-19 00:16:35 - ingestion.transcript_chunking - INFO - Processed /home/sidd4ml/capstoneproject-2025-llmz/data/raw_ingested_transcripts/How I Survived a Tsunami_25-10-18 11:00 PM.json: 1 chunks created
2025-10-19 00:16:35 - ingestion.transcript_chunking - INFO - Saved 1 chunks for 'How I Survived a Tsunami' to /home/sidd4ml/capstoneproject-2025-llmz/data/chunked_data/how_i_survived_a_tsunami_20251019_001635.json
2025-10-19 00:16:35 - ingestion.transcript_chunking - INFO - 
Processing: How to Survive the Top 5 Accidental Deaths_25-10-12 08:54 PM.json
2025-10-19 00:16:35 - ingestion.transcript_chunking - INFO - Processed /home/sidd4ml/capstoneproject-2025-llmz/data/raw_ingested_transcripts/How to Survive the Top 5 Accidental Deaths_25-10-12 08:54 PM.json: 6 chunks created
2025-10-19 00:16:35 - ingestion.transcript_chunking - INFO - Saved 6 chunks for 'How to Survive the Top 5 Accidental Deaths' to /home/sidd4ml/capstoneproject-2025-llmz/data/chunked_data/how_to_survive_the_top_5_accidental_deaths_20251019_001635.json
2025-10-19 00:16:35 - ingestion.transcript_chunking - INFO - 
Processing: How to Survive a Limnic Eruption_25-10-12 09:01 PM.json
2025-10-19 00:16:35 - ingestion.transcript_chunking - INFO - Processed /home/sidd4ml/capstoneproject-2025-llmz/data/raw_ingested_transcripts/How to Survive a Limnic Eruption_25-10-12 09:01 PM.json: 7 chunks created
2025-10-19 00:16:35 - ingestion.transcript_chunking - INFO - Saved 7 chunks for 'How to Survive a Limnic Eruption' to /home/sidd4ml/capstoneproject-2025-llmz/data/chunked_data/how_to_survive_a_limnic_eruption_20251019_001635.json
2025-10-19 00:16:35 - ingestion.transcript_chunking - INFO - 
Processing: How to Survive a Dam Break_25-10-12 09:01 PM.json
2025-10-19 00:16:35 - ingestion.transcript_chunking - INFO - Processed /home/sidd4ml/capstoneproject-2025-llmz/data/raw_ingested_transcripts/How to Survive a Dam Break_25-10-12 09:01 PM.json: 6 chunks created
2025-10-19 00:16:35 - ingestion.transcript_chunking - INFO - Saved 6 chunks for 'How to Survive a Dam Break' to /home/sidd4ml/capstoneproject-2025-llmz/data/chunked_data/how_to_survive_a_dam_break_20251019_001635.json
2025-10-19 00:16:35 - ingestion.transcript_chunking - INFO - 
Processing: How to Survive a Flood_25-10-12 09:02 PM.json
2025-10-19 00:16:35 - ingestion.transcript_chunking - INFO - Processed /home/sidd4ml/capstoneproject-2025-llmz/data/raw_ingested_transcripts/How to Survive a Flood_25-10-12 09:02 PM.json: 8 chunks created
2025-10-19 00:16:35 - ingestion.transcript_chunking - INFO - Saved 8 chunks for 'How to Survive a Flood' to /home/sidd4ml/capstoneproject-2025-llmz/data/chunked_data/how_to_survive_a_flood_20251019_001635.json
2025-10-19 00:16:35 - ingestion.transcript_chunking - INFO - 
Processing: How to Survive an Asteroid Impact_25-10-12 09:01 PM.json
2025-10-19 00:16:35 - ingestion.transcript_chunking - INFO - Processed /home/sidd4ml/capstoneproject-2025-llmz/data/raw_ingested_transcripts/How to Survive an Asteroid Impact_25-10-12 09:01 PM.json: 7 chunks created
2025-10-19 00:16:35 - ingestion.transcript_chunking - INFO - Saved 7 chunks for 'How to Survive an Asteroid Impact' to /home/sidd4ml/capstoneproject-2025-llmz/data/chunked_data/how_to_survive_an_asteroid_impact_20251019_001635.json
2025-10-19 00:16:35 - ingestion.transcript_chunking - INFO - 
Processing: How to Survive a Tree Falling on Your House_25-10-12 10:02 PM.json
2025-10-19 00:16:35 - ingestion.transcript_chunking - INFO - Processed /home/sidd4ml/capstoneproject-2025-llmz/data/raw_ingested_transcripts/How to Survive a Tree Falling on Your House_25-10-12 10:02 PM.json: 6 chunks created
2025-10-19 00:16:35 - ingestion.transcript_chunking - INFO - Saved 6 chunks for 'How to Survive a Tree Falling on Your House' to /home/sidd4ml/capstoneproject-2025-llmz/data/chunked_data/how_to_survive_a_tree_falling_on_your_house_20251019_001635.json
2025-10-19 00:16:35 - ingestion.transcript_chunking - INFO - 
Processing: How to Survive Walking on Broken Glass_25-10-12 03:48 PM.json
2025-10-19 00:16:35 - ingestion.transcript_chunking - INFO - Processed /home/sidd4ml/capstoneproject-2025-llmz/data/raw_ingested_transcripts/How to Survive Walking on Broken Glass_25-10-12 03:48 PM.json: 7 chunks created
2025-10-19 00:16:35 - ingestion.transcript_chunking - INFO - Saved 7 chunks for 'How to Survive Walking on Broken Glass' to /home/sidd4ml/capstoneproject-2025-llmz/data/chunked_data/how_to_survive_walking_on_broken_glass_20251019_001635.json
2025-10-19 00:16:35 - ingestion.transcript_chunking - INFO - 
Processing: How to Survive Salmonella_25-10-12 08:56 PM.json
2025-10-19 00:16:35 - ingestion.transcript_chunking - INFO - Processed /home/sidd4ml/capstoneproject-2025-llmz/data/raw_ingested_transcripts/How to Survive Salmonella_25-10-12 08:56 PM.json: 6 chunks created
2025-10-19 00:16:35 - ingestion.transcript_chunking - INFO - Saved 6 chunks for 'How to Survive Salmonella' to /home/sidd4ml/capstoneproject-2025-llmz/data/chunked_data/how_to_survive_salmonella_20251019_001635.json
2025-10-19 00:16:35 - ingestion.transcript_chunking - INFO - 
Processing: How to Survive the Toxic Desert_25-10-12 10:30 PM.json
2025-10-19 00:16:35 - ingestion.transcript_chunking - INFO - Processed /home/sidd4ml/capstoneproject-2025-llmz/data/raw_ingested_transcripts/How to Survive the Toxic Desert_25-10-12 10:30 PM.json: 5 chunks created
2025-10-19 00:16:35 - ingestion.transcript_chunking - INFO - Saved 5 chunks for 'How to Survive the Toxic Desert' to /home/sidd4ml/capstoneproject-2025-llmz/data/chunked_data/how_to_survive_the_toxic_desert_20251019_001635.json
2025-10-19 00:16:35 - ingestion.transcript_chunking - INFO - 
Processing: The Top 5 Worst Survival Mistakes_25-10-12 08:56 PM.json
2025-10-19 00:16:35 - ingestion.transcript_chunking - INFO - Processed /home/sidd4ml/capstoneproject-2025-llmz/data/raw_ingested_transcripts/The Top 5 Worst Survival Mistakes_25-10-12 08:56 PM.json: 6 chunks created
2025-10-19 00:16:35 - ingestion.transcript_chunking - INFO - Saved 6 chunks for 'The Top 5 Worst Survival Mistakes' to /home/sidd4ml/capstoneproject-2025-llmz/data/chunked_data/the_top_5_worst_survival_mistakes_20251019_001635.json
2025-10-19 00:16:35 - ingestion.transcript_chunking - INFO - 
Processing: How to Survive Falling Into Quicksand_25-10-12 09:01 PM.json
2025-10-19 00:16:35 - ingestion.transcript_chunking - INFO - Processed /home/sidd4ml/capstoneproject-2025-llmz/data/raw_ingested_transcripts/How to Survive Falling Into Quicksand_25-10-12 09:01 PM.json: 8 chunks created
2025-10-19 00:16:35 - ingestion.transcript_chunking - INFO - Saved 8 chunks for 'How to Survive Falling Into Quicksand' to /home/sidd4ml/capstoneproject-2025-llmz/data/chunked_data/how_to_survive_falling_into_quicksand_20251019_001635.json
2025-10-19 00:16:35 - ingestion.transcript_chunking - INFO - 
Processing: How to Survive a Flood, According to Science_25-10-12 09:02 PM.json
2025-10-19 00:16:35 - ingestion.transcript_chunking - INFO - Processed /home/sidd4ml/capstoneproject-2025-llmz/data/raw_ingested_transcripts/How to Survive a Flood, According to Science_25-10-12 09:02 PM.json: 8 chunks created
2025-10-19 00:16:35 - ingestion.transcript_chunking - INFO - Saved 8 chunks for 'How to Survive a Flood, According to Science' to /home/sidd4ml/capstoneproject-2025-llmz/data/chunked_data/how_to_survive_a_flood_according_to_science_20251019_001635.json
2025-10-19 00:16:35 - ingestion.transcript_chunking - INFO - 
Processing: How to Survive a Hurricane, According to Science_25-10-12 10:02 PM.json
2025-10-19 00:16:35 - ingestion.transcript_chunking - INFO - Processed /home/sidd4ml/capstoneproject-2025-llmz/data/raw_ingested_transcripts/How to Survive a Hurricane, According to Science_25-10-12 10:02 PM.json: 8 chunks created
2025-10-19 00:16:35 - ingestion.transcript_chunking - INFO - Saved 8 chunks for 'How to Survive a Hurricane, According to Science' to /home/sidd4ml/capstoneproject-2025-llmz/data/chunked_data/how_to_survive_a_hurricane_according_to_science_20251019_001635.json
2025-10-19 00:16:35 - ingestion.transcript_chunking - INFO - 
Processing: How to Survive Sun Poisoning_25-10-12 03:46 PM.json
2025-10-19 00:16:35 - ingestion.transcript_chunking - INFO - Processed /home/sidd4ml/capstoneproject-2025-llmz/data/raw_ingested_transcripts/How to Survive Sun Poisoning_25-10-12 03:46 PM.json: 1 chunks created
2025-10-19 00:16:35 - ingestion.transcript_chunking - INFO - Saved 1 chunks for 'How to Survive Sun Poisoning' to /home/sidd4ml/capstoneproject-2025-llmz/data/chunked_data/how_to_survive_sun_poisoning_20251019_001635.json
2025-10-19 00:16:35 - ingestion.transcript_chunking - INFO - 
Processing: How to Survive a Pyroclastic Flow_25-10-12 09:02 PM.json
2025-10-19 00:16:35 - ingestion.transcript_chunking - INFO - Processed /home/sidd4ml/capstoneproject-2025-llmz/data/raw_ingested_transcripts/How to Survive a Pyroclastic Flow_25-10-12 09:02 PM.json: 7 chunks created
2025-10-19 00:16:35 - ingestion.transcript_chunking - INFO - Saved 7 chunks for 'How to Survive a Pyroclastic Flow' to /home/sidd4ml/capstoneproject-2025-llmz/data/chunked_data/how_to_survive_a_pyroclastic_flow_20251019_001635.json
2025-10-19 00:16:35 - ingestion.transcript_chunking - INFO - 
Processing: How to Survive Being Depressed_25-10-12 03:49 PM.json
2025-10-19 00:16:35 - ingestion.transcript_chunking - INFO - Processed /home/sidd4ml/capstoneproject-2025-llmz/data/raw_ingested_transcripts/How to Survive Being Depressed_25-10-12 03:49 PM.json: 7 chunks created
2025-10-19 00:16:35 - ingestion.transcript_chunking - INFO - Saved 7 chunks for 'How to Survive Being Depressed' to /home/sidd4ml/capstoneproject-2025-llmz/data/chunked_data/how_to_survive_being_depressed_20251019_001635.json
2025-10-19 00:16:35 - ingestion.transcript_chunking - INFO - 
Processing: How to Survive the Black Plague_25-10-12 08:52 PM.json
2025-10-19 00:16:35 - ingestion.transcript_chunking - INFO - Processed /home/sidd4ml/capstoneproject-2025-llmz/data/raw_ingested_transcripts/How to Survive the Black Plague_25-10-12 08:52 PM.json: 8 chunks created
2025-10-19 00:16:35 - ingestion.transcript_chunking - INFO - Saved 8 chunks for 'How to Survive the Black Plague' to /home/sidd4ml/capstoneproject-2025-llmz/data/chunked_data/how_to_survive_the_black_plague_20251019_001635.json
2025-10-19 00:16:35 - ingestion.transcript_chunking - INFO - 
Processing: How to Survive a Landslide_25-10-12 09:02 PM.json
2025-10-19 00:16:35 - ingestion.transcript_chunking - INFO - Processed /home/sidd4ml/capstoneproject-2025-llmz/data/raw_ingested_transcripts/How to Survive a Landslide_25-10-12 09:02 PM.json: 6 chunks created
2025-10-19 00:16:35 - ingestion.transcript_chunking - INFO - Saved 6 chunks for 'How to Survive a Landslide' to /home/sidd4ml/capstoneproject-2025-llmz/data/chunked_data/how_to_survive_a_landslide_20251019_001635.json
2025-10-19 00:16:35 - ingestion.transcript_chunking - INFO - 
Processing: How to Survive a Heat Wave_25-10-12 10:29 PM.json
2025-10-19 00:16:35 - ingestion.transcript_chunking - INFO - Processed /home/sidd4ml/capstoneproject-2025-llmz/data/raw_ingested_transcripts/How to Survive a Heat Wave_25-10-12 10:29 PM.json: 6 chunks created
2025-10-19 00:16:35 - ingestion.transcript_chunking - INFO - Saved 6 chunks for 'How to Survive a Heat Wave' to /home/sidd4ml/capstoneproject-2025-llmz/data/chunked_data/how_to_survive_a_heat_wave_20251019_001635.json
2025-10-19 00:16:35 - ingestion.transcript_chunking - INFO - 
Processing: What Happens When Humans Get Rabies-_25-10-12 08:57 PM.json
2025-10-19 00:16:35 - ingestion.transcript_chunking - INFO - Processed /home/sidd4ml/capstoneproject-2025-llmz/data/raw_ingested_transcripts/What Happens When Humans Get Rabies-_25-10-12 08:57 PM.json: 5 chunks created
2025-10-19 00:16:35 - ingestion.transcript_chunking - INFO - Saved 5 chunks for 'What Happens When Humans Get Rabies?' to /home/sidd4ml/capstoneproject-2025-llmz/data/chunked_data/what_happens_when_humans_get_rabies_20251019_001635.json
2025-10-19 00:16:35 - ingestion.transcript_chunking - INFO - 
Processing: How to Survive 24 Hours in Death Valley_25-10-12 09:00 PM.json
2025-10-19 00:16:35 - ingestion.transcript_chunking - INFO - Processed /home/sidd4ml/capstoneproject-2025-llmz/data/raw_ingested_transcripts/How to Survive 24 Hours in Death Valley_25-10-12 09:00 PM.json: 7 chunks created
2025-10-19 00:16:35 - ingestion.transcript_chunking - INFO - Saved 7 chunks for 'How to Survive 24 Hours in Death Valley' to /home/sidd4ml/capstoneproject-2025-llmz/data/chunked_data/how_to_survive_24_hours_in_death_valley_20251019_001635.json
2025-10-19 00:16:35 - ingestion.transcript_chunking - INFO - 
Processing: How to Survive a Collapsing Building_25-10-12 09:00 PM.json
2025-10-19 00:16:35 - ingestion.transcript_chunking - INFO - Processed /home/sidd4ml/capstoneproject-2025-llmz/data/raw_ingested_transcripts/How to Survive a Collapsing Building_25-10-12 09:00 PM.json: 6 chunks created
2025-10-19 00:16:35 - ingestion.transcript_chunking - INFO - Saved 6 chunks for 'How to Survive a Collapsing Building' to /home/sidd4ml/capstoneproject-2025-llmz/data/chunked_data/how_to_survive_a_collapsing_building_20251019_001635.json
2025-10-19 00:16:35 - ingestion.transcript_chunking - INFO - 
Processing: How to Survive Being Bullied Online_25-10-12 03:48 PM.json
2025-10-19 00:16:35 - ingestion.transcript_chunking - INFO - Processed /home/sidd4ml/capstoneproject-2025-llmz/data/raw_ingested_transcripts/How to Survive Being Bullied Online_25-10-12 03:48 PM.json: 10 chunks created
2025-10-19 00:16:35 - ingestion.transcript_chunking - INFO - Saved 10 chunks for 'How to Survive Being Bullied Online' to /home/sidd4ml/capstoneproject-2025-llmz/data/chunked_data/how_to_survive_being_bullied_online_20251019_001635.json
2025-10-19 00:16:35 - ingestion.transcript_chunking - INFO - 
Processing: How to Survive in the Bermuda Triangle_25-10-12 08:59 PM.json
2025-10-19 00:16:35 - ingestion.transcript_chunking - INFO - Processed /home/sidd4ml/capstoneproject-2025-llmz/data/raw_ingested_transcripts/How to Survive in the Bermuda Triangle_25-10-12 08:59 PM.json: 5 chunks created
2025-10-19 00:16:35 - ingestion.transcript_chunking - INFO - Saved 5 chunks for 'How to Survive in the Bermuda Triangle' to /home/sidd4ml/capstoneproject-2025-llmz/data/chunked_data/how_to_survive_in_the_bermuda_triangle_20251019_001635.json
2025-10-19 00:16:35 - ingestion.transcript_chunking - INFO - 
Processing: Never Visit These Abandoned Places!_25-10-12 10:02 PM.json
2025-10-19 00:16:35 - ingestion.transcript_chunking - INFO - Processed /home/sidd4ml/capstoneproject-2025-llmz/data/raw_ingested_transcripts/Never Visit These Abandoned Places!_25-10-12 10:02 PM.json: 6 chunks created
2025-10-19 00:16:35 - ingestion.transcript_chunking - INFO - Saved 6 chunks for 'Never Visit These Abandoned Places!' to /home/sidd4ml/capstoneproject-2025-llmz/data/chunked_data/never_visit_these_abandoned_places_20251019_001635.json
2025-10-19 00:16:35 - ingestion.transcript_chunking - INFO - 
Processing: How to Survive Being Locked in a Freezer_25-10-12 03:46 PM.json
2025-10-19 00:16:35 - ingestion.transcript_chunking - INFO - Processed /home/sidd4ml/capstoneproject-2025-llmz/data/raw_ingested_transcripts/How to Survive Being Locked in a Freezer_25-10-12 03:46 PM.json: 5 chunks created
2025-10-19 00:16:35 - ingestion.transcript_chunking - INFO - Saved 5 chunks for 'How to Survive Being Locked in a Freezer' to /home/sidd4ml/capstoneproject-2025-llmz/data/chunked_data/how_to_survive_being_locked_in_a_freezer_20251019_001635.json
2025-10-19 00:16:35 - ingestion.transcript_chunking - INFO - 
Processing: How to Survive a Meteor Strike,  According To Science_25-10-12 09:03 PM.json
2025-10-19 00:16:35 - ingestion.transcript_chunking - INFO - Processed /home/sidd4ml/capstoneproject-2025-llmz/data/raw_ingested_transcripts/How to Survive a Meteor Strike,  According To Science_25-10-12 09:03 PM.json: 1 chunks created
2025-10-19 00:16:35 - ingestion.transcript_chunking - INFO - Saved 1 chunks for 'How to Survive a Meteor Strike,  According To Science' to /home/sidd4ml/capstoneproject-2025-llmz/data/chunked_data/how_to_survive_a_meteor_strike_according_to_science_20251019_001635.json
2025-10-19 00:16:35 - ingestion.transcript_chunking - INFO - 
Processing: How to Survive With No Food or Water_25-10-12 08:53 PM.json
2025-10-19 00:16:35 - ingestion.transcript_chunking - INFO - Processed /home/sidd4ml/capstoneproject-2025-llmz/data/raw_ingested_transcripts/How to Survive With No Food or Water_25-10-12 08:53 PM.json: 9 chunks created
2025-10-19 00:16:35 - ingestion.transcript_chunking - INFO - Saved 9 chunks for 'How to Survive With No Food or Water' to /home/sidd4ml/capstoneproject-2025-llmz/data/chunked_data/how_to_survive_with_no_food_or_water_20251019_001635.json
2025-10-19 00:16:35 - ingestion.transcript_chunking - INFO - 
Processing: How to Survive Eating the World's Hottest Pepper_25-10-12 08:54 PM.json
2025-10-19 00:16:35 - ingestion.transcript_chunking - INFO - Processed /home/sidd4ml/capstoneproject-2025-llmz/data/raw_ingested_transcripts/How to Survive Eating the World's Hottest Pepper_25-10-12 08:54 PM.json: 7 chunks created
2025-10-19 00:16:35 - ingestion.transcript_chunking - INFO - Saved 7 chunks for 'How to Survive Eating the World's Hottest Pepper' to /home/sidd4ml/capstoneproject-2025-llmz/data/chunked_data/how_to_survive_eating_the_worlds_hottest_pepper_20251019_001635.json
2025-10-19 00:16:35 - ingestion.transcript_chunking - INFO - 
Processing: How to Survive Giving Birth in a Car_25-10-12 03:48 PM.json
2025-10-19 00:16:35 - ingestion.transcript_chunking - INFO - Processed /home/sidd4ml/capstoneproject-2025-llmz/data/raw_ingested_transcripts/How to Survive Giving Birth in a Car_25-10-12 03:48 PM.json: 1 chunks created
2025-10-19 00:16:35 - ingestion.transcript_chunking - INFO - Saved 1 chunks for 'How to Survive Giving Birth in a Car' to /home/sidd4ml/capstoneproject-2025-llmz/data/chunked_data/how_to_survive_giving_birth_in_a_car_20251019_001635.json
2025-10-19 00:16:35 - ingestion.transcript_chunking - INFO - 
Processing: How To Survive the Top 5 Deadliest Foods_25-10-12 08:55 PM.json
2025-10-19 00:16:35 - ingestion.transcript_chunking - INFO - Processed /home/sidd4ml/capstoneproject-2025-llmz/data/raw_ingested_transcripts/How To Survive the Top 5 Deadliest Foods_25-10-12 08:55 PM.json: 6 chunks created
2025-10-19 00:16:35 - ingestion.transcript_chunking - INFO - Saved 6 chunks for 'How To Survive the Top 5 Deadliest Foods' to /home/sidd4ml/capstoneproject-2025-llmz/data/chunked_data/how_to_survive_the_top_5_deadliest_foods_20251019_001635.json
2025-10-19 00:16:35 - ingestion.transcript_chunking - INFO - 
Processing: How to Survive Eating Raw Meat_25-10-12 08:55 PM.json
2025-10-19 00:16:35 - ingestion.transcript_chunking - INFO - Processed /home/sidd4ml/capstoneproject-2025-llmz/data/raw_ingested_transcripts/How to Survive Eating Raw Meat_25-10-12 08:55 PM.json: 6 chunks created
2025-10-19 00:16:35 - ingestion.transcript_chunking - INFO - Saved 6 chunks for 'How to Survive Eating Raw Meat' to /home/sidd4ml/capstoneproject-2025-llmz/data/chunked_data/how_to_survive_eating_raw_meat_20251019_001635.json
2025-10-19 00:16:35 - ingestion.transcript_chunking - INFO - 
Processing: People Who Survived Falling Into Quicksand_25-10-12 08:59 PM.json
2025-10-19 00:16:35 - ingestion.transcript_chunking - INFO - Processed /home/sidd4ml/capstoneproject-2025-llmz/data/raw_ingested_transcripts/People Who Survived Falling Into Quicksand_25-10-12 08:59 PM.json: 4 chunks created
2025-10-19 00:16:35 - ingestion.transcript_chunking - INFO - Saved 4 chunks for 'People Who Survived Falling Into Quicksand' to /home/sidd4ml/capstoneproject-2025-llmz/data/chunked_data/people_who_survived_falling_into_quicksand_20251019_001635.json
2025-10-19 00:16:35 - ingestion.transcript_chunking - INFO - 
Processing: How Big Can a Tornado Actually Get-_25-10-12 08:59 PM.json
2025-10-19 00:16:35 - ingestion.transcript_chunking - INFO - Processed /home/sidd4ml/capstoneproject-2025-llmz/data/raw_ingested_transcripts/How Big Can a Tornado Actually Get-_25-10-12 08:59 PM.json: 6 chunks created
2025-10-19 00:16:35 - ingestion.transcript_chunking - INFO - Saved 6 chunks for 'How Big Can a Tornado Actually Get?' to /home/sidd4ml/capstoneproject-2025-llmz/data/chunked_data/how_big_can_a_tornado_actually_get_20251019_001635.json
2025-10-19 00:16:35 - ingestion.transcript_chunking - INFO - 
Processing: How to Survive the Top 5 Most Painful Things_25-10-12 08:54 PM.json
2025-10-19 00:16:35 - ingestion.transcript_chunking - INFO - Processed /home/sidd4ml/capstoneproject-2025-llmz/data/raw_ingested_transcripts/How to Survive the Top 5 Most Painful Things_25-10-12 08:54 PM.json: 6 chunks created
2025-10-19 00:16:35 - ingestion.transcript_chunking - INFO - Saved 6 chunks for 'How to Survive the Top 5 Most Painful Things' to /home/sidd4ml/capstoneproject-2025-llmz/data/chunked_data/how_to_survive_the_top_5_most_painful_things_20251019_001635.json
2025-10-19 00:16:35 - ingestion.transcript_chunking - INFO - 
Processing: The Deadliest Tsunamis In Human History_25-10-12 08:58 PM.json
2025-10-19 00:16:35 - ingestion.transcript_chunking - INFO - Processed /home/sidd4ml/capstoneproject-2025-llmz/data/raw_ingested_transcripts/The Deadliest Tsunamis In Human History_25-10-12 08:58 PM.json: 6 chunks created
2025-10-19 00:16:35 - ingestion.transcript_chunking - INFO - Saved 6 chunks for 'The Deadliest Tsunamis In Human History' to /home/sidd4ml/capstoneproject-2025-llmz/data/chunked_data/the_deadliest_tsunamis_in_human_history_20251019_001635.json
2025-10-19 00:16:35 - ingestion.transcript_chunking - INFO - 
Processing: How to Survive Tapeworms (Warning- distressing footage)_25-10-12 08:52 PM.json
2025-10-19 00:16:35 - ingestion.transcript_chunking - INFO - Processed /home/sidd4ml/capstoneproject-2025-llmz/data/raw_ingested_transcripts/How to Survive Tapeworms (Warning- distressing footage)_25-10-12 08:52 PM.json: 8 chunks created
2025-10-19 00:16:35 - ingestion.transcript_chunking - INFO - Saved 8 chunks for 'How to Survive Tapeworms (Warning: distressing footage)' to /home/sidd4ml/capstoneproject-2025-llmz/data/chunked_data/how_to_survive_tapeworms_warning_distressing_footage_20251019_001635.json
2025-10-19 00:16:35 - ingestion.transcript_chunking - INFO - 
Processing: How to Survive Being Lost in the Andes Mountains_25-10-12 10:29 PM.json
2025-10-19 00:16:35 - ingestion.transcript_chunking - INFO - Processed /home/sidd4ml/capstoneproject-2025-llmz/data/raw_ingested_transcripts/How to Survive Being Lost in the Andes Mountains_25-10-12 10:29 PM.json: 8 chunks created
2025-10-19 00:16:35 - ingestion.transcript_chunking - INFO - Saved 8 chunks for 'How to Survive Being Lost in the Andes Mountains' to /home/sidd4ml/capstoneproject-2025-llmz/data/chunked_data/how_to_survive_being_lost_in_the_andes_mountains_20251019_001635.json
2025-10-19 00:16:35 - ingestion.transcript_chunking - INFO - 
Processing: How to Survive Your House Being Swallowed by a Sinkhole_25-10-12 09:00 PM.json
2025-10-19 00:16:35 - ingestion.transcript_chunking - INFO - Processed /home/sidd4ml/capstoneproject-2025-llmz/data/raw_ingested_transcripts/How to Survive Your House Being Swallowed by a Sinkhole_25-10-12 09:00 PM.json: 10 chunks created
2025-10-19 00:16:35 - ingestion.transcript_chunking - INFO - Saved 10 chunks for 'How to Survive Your House Being Swallowed by a Sinkhole' to /home/sidd4ml/capstoneproject-2025-llmz/data/chunked_data/how_to_survive_your_house_being_swallowed_by_a_sinkhole_20251019_001635.json
2025-10-19 00:16:35 - ingestion.transcript_chunking - INFO - 
Processing: TERRIFYING Tornado Scenarios- What You Should Do_25-10-18 11:00 PM.json
2025-10-19 00:16:35 - ingestion.transcript_chunking - INFO - Processed /home/sidd4ml/capstoneproject-2025-llmz/data/raw_ingested_transcripts/TERRIFYING Tornado Scenarios- What You Should Do_25-10-18 11:00 PM.json: 5 chunks created
2025-10-19 00:16:35 - ingestion.transcript_chunking - INFO - Saved 5 chunks for 'TERRIFYING Tornado Scenarios: What You Should Do' to /home/sidd4ml/capstoneproject-2025-llmz/data/chunked_data/terrifying_tornado_scenarios_what_you_should_do_20251019_001635.json
2025-10-19 00:16:35 - ingestion.transcript_chunking - INFO - 
Processing: How to Survive a Cave Collapse_25-10-12 09:00 PM.json
2025-10-19 00:16:35 - ingestion.transcript_chunking - INFO - Processed /home/sidd4ml/capstoneproject-2025-llmz/data/raw_ingested_transcripts/How to Survive a Cave Collapse_25-10-12 09:00 PM.json: 6 chunks created
2025-10-19 00:16:35 - ingestion.transcript_chunking - INFO - Saved 6 chunks for 'How to Survive a Cave Collapse' to /home/sidd4ml/capstoneproject-2025-llmz/data/chunked_data/how_to_survive_a_cave_collapse_20251019_001635.json
2025-10-19 00:16:35 - ingestion.transcript_chunking - INFO - 
Processing: How to Survive the Top 5 Most Deadly Viruses_25-10-12 03:47 PM.json
2025-10-19 00:16:35 - ingestion.transcript_chunking - INFO - Processed /home/sidd4ml/capstoneproject-2025-llmz/data/raw_ingested_transcripts/How to Survive the Top 5 Most Deadly Viruses_25-10-12 03:47 PM.json: 6 chunks created
2025-10-19 00:16:35 - ingestion.transcript_chunking - INFO - Saved 6 chunks for 'How to Survive the Top 5 Most Deadly Viruses' to /home/sidd4ml/capstoneproject-2025-llmz/data/chunked_data/how_to_survive_the_top_5_most_deadly_viruses_20251019_001635.json
2025-10-19 00:16:35 - ingestion.transcript_chunking - INFO - 
Processing: How to Survive a Malfunctioning Microwave_25-10-12 03:49 PM.json
2025-10-19 00:16:35 - ingestion.transcript_chunking - INFO - Processed /home/sidd4ml/capstoneproject-2025-llmz/data/raw_ingested_transcripts/How to Survive a Malfunctioning Microwave_25-10-12 03:49 PM.json: 6 chunks created
2025-10-19 00:16:35 - ingestion.transcript_chunking - INFO - Saved 6 chunks for 'How to Survive a Malfunctioning Microwave' to /home/sidd4ml/capstoneproject-2025-llmz/data/chunked_data/how_to_survive_a_malfunctioning_microwave_20251019_001635.json
2025-10-19 00:16:35 - ingestion.transcript_chunking - INFO - 
Processing: How to Survive the Corpse Flower_25-10-12 08:56 PM.json
2025-10-19 00:16:35 - ingestion.transcript_chunking - INFO - Processed /home/sidd4ml/capstoneproject-2025-llmz/data/raw_ingested_transcripts/How to Survive the Corpse Flower_25-10-12 08:56 PM.json: 6 chunks created
2025-10-19 00:16:35 - ingestion.transcript_chunking - INFO - Saved 6 chunks for 'How to Survive the Corpse Flower' to /home/sidd4ml/capstoneproject-2025-llmz/data/chunked_data/how_to_survive_the_corpse_flower_20251019_001635.json
2025-10-19 00:16:35 - ingestion.transcript_chunking - INFO - 
Processing: How Long Could You Survive Ebola-_25-10-12 08:58 PM.json
2025-10-19 00:16:35 - ingestion.transcript_chunking - INFO - Processed /home/sidd4ml/capstoneproject-2025-llmz/data/raw_ingested_transcripts/How Long Could You Survive Ebola-_25-10-12 08:58 PM.json: 5 chunks created
2025-10-19 00:16:35 - ingestion.transcript_chunking - INFO - Saved 5 chunks for 'How Long Could You Survive Ebola?' to /home/sidd4ml/capstoneproject-2025-llmz/data/chunked_data/how_long_could_you_survive_ebola_20251019_001635.json
2025-10-19 00:16:35 - ingestion.transcript_chunking - INFO - 
Processing: Earthquake Size Comparison_25-10-18 11:00 PM.json
2025-10-19 00:16:35 - ingestion.transcript_chunking - INFO - Processed /home/sidd4ml/capstoneproject-2025-llmz/data/raw_ingested_transcripts/Earthquake Size Comparison_25-10-18 11:00 PM.json: 7 chunks created
2025-10-19 00:16:35 - ingestion.transcript_chunking - INFO - Saved 7 chunks for 'Earthquake Size Comparison' to /home/sidd4ml/capstoneproject-2025-llmz/data/chunked_data/earthquake_size_comparison_20251019_001635.json
2025-10-19 00:16:35 - ingestion.transcript_chunking - INFO - 
Processing: How to Survive Without Showering for a Month_25-10-12 08:52 PM.json
2025-10-19 00:16:35 - ingestion.transcript_chunking - INFO - Processed /home/sidd4ml/capstoneproject-2025-llmz/data/raw_ingested_transcripts/How to Survive Without Showering for a Month_25-10-12 08:52 PM.json: 7 chunks created
2025-10-19 00:16:35 - ingestion.transcript_chunking - INFO - Saved 7 chunks for 'How to Survive Without Showering for a Month' to /home/sidd4ml/capstoneproject-2025-llmz/data/chunked_data/how_to_survive_without_showering_for_a_month_20251019_001635.json
2025-10-19 00:16:35 - ingestion.transcript_chunking - INFO - 
Processing: How to Survive Eating Mold_25-10-12 08:53 PM.json
2025-10-19 00:16:35 - ingestion.transcript_chunking - INFO - Processed /home/sidd4ml/capstoneproject-2025-llmz/data/raw_ingested_transcripts/How to Survive Eating Mold_25-10-12 08:53 PM.json: 7 chunks created
2025-10-19 00:16:35 - ingestion.transcript_chunking - INFO - Saved 7 chunks for 'How to Survive Eating Mold' to /home/sidd4ml/capstoneproject-2025-llmz/data/chunked_data/how_to_survive_eating_mold_20251019_001635.json
2025-10-19 00:16:35 - ingestion.transcript_chunking - INFO - 
Processing: How to Survive Falling Into the Door to Hell_25-10-12 09:00 PM.json
2025-10-19 00:16:35 - ingestion.transcript_chunking - INFO - Processed /home/sidd4ml/capstoneproject-2025-llmz/data/raw_ingested_transcripts/How to Survive Falling Into the Door to Hell_25-10-12 09:00 PM.json: 7 chunks created
2025-10-19 00:16:35 - ingestion.transcript_chunking - INFO - Saved 7 chunks for 'How to Survive Falling Into the Door to Hell' to /home/sidd4ml/capstoneproject-2025-llmz/data/chunked_data/how_to_survive_falling_into_the_door_to_hell_20251019_001635.json
2025-10-19 00:16:35 - ingestion.transcript_chunking - INFO - 
Processing: How to Survive Falling into a Pool of Liquid Nitrogen_25-10-12 03:49 PM.json
2025-10-19 00:16:35 - ingestion.transcript_chunking - INFO - Processed /home/sidd4ml/capstoneproject-2025-llmz/data/raw_ingested_transcripts/How to Survive Falling into a Pool of Liquid Nitrogen_25-10-12 03:49 PM.json: 7 chunks created
2025-10-19 00:16:35 - ingestion.transcript_chunking - INFO - Saved 7 chunks for 'How to Survive Falling into a Pool of Liquid Nitrogen' to /home/sidd4ml/capstoneproject-2025-llmz/data/chunked_data/how_to_survive_falling_into_a_pool_of_liquid_nitrogen_20251019_001635.json
2025-10-19 00:16:35 - ingestion.transcript_chunking - INFO - 
Processing: Top 5 Basic Survival Skills_25-10-12 08:54 PM.json
2025-10-19 00:16:35 - ingestion.transcript_chunking - INFO - Processed /home/sidd4ml/capstoneproject-2025-llmz/data/raw_ingested_transcripts/Top 5 Basic Survival Skills_25-10-12 08:54 PM.json: 6 chunks created
2025-10-19 00:16:35 - ingestion.transcript_chunking - INFO - Saved 6 chunks for 'Top 5 Basic Survival Skills' to /home/sidd4ml/capstoneproject-2025-llmz/data/chunked_data/top_5_basic_survival_skills_20251019_001635.json
2025-10-19 00:16:35 - ingestion.transcript_chunking - INFO - 
Processing: How to Survive Being Trapped in a Mine_25-10-12 10:29 PM.json
2025-10-19 00:16:35 - ingestion.transcript_chunking - INFO - Processed /home/sidd4ml/capstoneproject-2025-llmz/data/raw_ingested_transcripts/How to Survive Being Trapped in a Mine_25-10-12 10:29 PM.json: 6 chunks created
2025-10-19 00:16:35 - ingestion.transcript_chunking - INFO - Saved 6 chunks for 'How to Survive Being Trapped in a Mine' to /home/sidd4ml/capstoneproject-2025-llmz/data/chunked_data/how_to_survive_being_trapped_in_a_mine_20251019_001635.json
2025-10-19 00:16:35 - ingestion.transcript_chunking - INFO - 
Processing: Nature's Deadliest Hurricanes- Size Comparison_25-10-12 08:59 PM.json
2025-10-19 00:16:35 - ingestion.transcript_chunking - INFO - Processed /home/sidd4ml/capstoneproject-2025-llmz/data/raw_ingested_transcripts/Nature's Deadliest Hurricanes- Size Comparison_25-10-12 08:59 PM.json: 7 chunks created
2025-10-19 00:16:35 - ingestion.transcript_chunking - INFO - Saved 7 chunks for 'Nature's Deadliest Hurricanes: Size Comparison' to /home/sidd4ml/capstoneproject-2025-llmz/data/chunked_data/natures_deadliest_hurricanes_size_comparison_20251019_001635.json
2025-10-19 00:16:35 - ingestion.transcript_chunking - INFO - 
Processing: How to Survive a Breakup_25-10-12 03:47 PM.json
2025-10-19 00:16:35 - ingestion.transcript_chunking - INFO - Processed /home/sidd4ml/capstoneproject-2025-llmz/data/raw_ingested_transcripts/How to Survive a Breakup_25-10-12 03:47 PM.json: 7 chunks created
2025-10-19 00:16:35 - ingestion.transcript_chunking - INFO - Saved 7 chunks for 'How to Survive a Breakup' to /home/sidd4ml/capstoneproject-2025-llmz/data/chunked_data/how_to_survive_a_breakup_20251019_001635.json
2025-10-19 00:16:35 - ingestion.transcript_chunking - INFO - 
Processing: How to Survive Birth_25-10-12 03:50 PM.json
2025-10-19 00:16:35 - ingestion.transcript_chunking - INFO - Processed /home/sidd4ml/capstoneproject-2025-llmz/data/raw_ingested_transcripts/How to Survive Birth_25-10-12 03:50 PM.json: 7 chunks created
2025-10-19 00:16:35 - ingestion.transcript_chunking - INFO - Saved 7 chunks for 'How to Survive Birth' to /home/sidd4ml/capstoneproject-2025-llmz/data/chunked_data/how_to_survive_birth_20251019_001635.json
2025-10-19 00:16:35 - ingestion.transcript_chunking - INFO - 
Processing: How to Survive the Biggest Wave_25-10-12 09:02 PM.json
2025-10-19 00:16:35 - ingestion.transcript_chunking - INFO - Processed /home/sidd4ml/capstoneproject-2025-llmz/data/raw_ingested_transcripts/How to Survive the Biggest Wave_25-10-12 09:02 PM.json: 7 chunks created
2025-10-19 00:16:35 - ingestion.transcript_chunking - INFO - Saved 7 chunks for 'How to Survive the Biggest Wave' to /home/sidd4ml/capstoneproject-2025-llmz/data/chunked_data/how_to_survive_the_biggest_wave_20251019_001635.json
2025-10-19 00:16:35 - ingestion.transcript_chunking - INFO - 
Processing: How To Survive Being Pregnant_25-10-12 08:56 PM.json
2025-10-19 00:16:35 - ingestion.transcript_chunking - INFO - Processed /home/sidd4ml/capstoneproject-2025-llmz/data/raw_ingested_transcripts/How To Survive Being Pregnant_25-10-12 08:56 PM.json: 6 chunks created
2025-10-19 00:16:35 - ingestion.transcript_chunking - INFO - Saved 6 chunks for 'How To Survive Being Pregnant' to /home/sidd4ml/capstoneproject-2025-llmz/data/chunked_data/how_to_survive_being_pregnant_20251019_001635.json
2025-10-19 00:16:35 - ingestion.transcript_chunking - INFO - 
Processing: How to Survive Giving Birth on an Airplane_25-10-12 08:57 PM.json
2025-10-19 00:16:35 - ingestion.transcript_chunking - INFO - Processed /home/sidd4ml/capstoneproject-2025-llmz/data/raw_ingested_transcripts/How to Survive Giving Birth on an Airplane_25-10-12 08:57 PM.json: 6 chunks created
2025-10-19 00:16:35 - ingestion.transcript_chunking - INFO - Saved 6 chunks for 'How to Survive Giving Birth on an Airplane' to /home/sidd4ml/capstoneproject-2025-llmz/data/chunked_data/how_to_survive_giving_birth_on_an_airplane_20251019_001635.json
2025-10-19 00:16:35 - ingestion.transcript_chunking - INFO - 
Processing: 7 Things You Should Never Do During Sleep Paralysis_25-10-12 08:58 PM.json
2025-10-19 00:16:35 - ingestion.transcript_chunking - INFO - Processed /home/sidd4ml/capstoneproject-2025-llmz/data/raw_ingested_transcripts/7 Things You Should Never Do During Sleep Paralysis_25-10-12 08:58 PM.json: 8 chunks created
2025-10-19 00:16:35 - ingestion.transcript_chunking - INFO - Saved 8 chunks for '7 Things You Should Never Do During Sleep Paralysis' to /home/sidd4ml/capstoneproject-2025-llmz/data/chunked_data/7_things_you_should_never_do_during_sleep_paralysis_20251019_001635.json
2025-10-19 00:16:35 - ingestion.transcript_chunking - INFO - 
Processing: How to Survive Being a Mall Santa_25-10-12 08:53 PM.json
2025-10-19 00:16:35 - ingestion.transcript_chunking - INFO - Processed /home/sidd4ml/capstoneproject-2025-llmz/data/raw_ingested_transcripts/How to Survive Being a Mall Santa_25-10-12 08:53 PM.json: 4 chunks created
2025-10-19 00:16:35 - ingestion.transcript_chunking - INFO - Saved 4 chunks for 'How to Survive Being a Mall Santa' to /home/sidd4ml/capstoneproject-2025-llmz/data/chunked_data/how_to_survive_being_a_mall_santa_20251019_001635.json
2025-10-19 00:16:35 - ingestion.transcript_chunking - INFO - 
Processing: How to Survive Being Sucked Into a Whirlpool_25-10-12 10:03 PM.json
2025-10-19 00:16:35 - ingestion.transcript_chunking - INFO - Processed /home/sidd4ml/capstoneproject-2025-llmz/data/raw_ingested_transcripts/How to Survive Being Sucked Into a Whirlpool_25-10-12 10:03 PM.json: 6 chunks created
2025-10-19 00:16:35 - ingestion.transcript_chunking - INFO - Saved 6 chunks for 'How to Survive Being Sucked Into a Whirlpool' to /home/sidd4ml/capstoneproject-2025-llmz/data/chunked_data/how_to_survive_being_sucked_into_a_whirlpool_20251019_001635.json
2025-10-19 00:16:35 - ingestion.transcript_chunking - INFO - 
Processing: How to Survive Without Sleep_25-10-12 08:53 PM.json
2025-10-19 00:16:35 - ingestion.transcript_chunking - INFO - Processed /home/sidd4ml/capstoneproject-2025-llmz/data/raw_ingested_transcripts/How to Survive Without Sleep_25-10-12 08:53 PM.json: 6 chunks created
2025-10-19 00:16:35 - ingestion.transcript_chunking - INFO - Saved 6 chunks for 'How to Survive Without Sleep' to /home/sidd4ml/capstoneproject-2025-llmz/data/chunked_data/how_to_survive_without_sleep_20251019_001635.json
2025-10-19 00:16:35 - ingestion.transcript_chunking - INFO - 
Processing: How to Survive an Opening Sinkhole_25-10-12 09:01 PM.json
2025-10-19 00:16:35 - ingestion.transcript_chunking - INFO - Processed /home/sidd4ml/capstoneproject-2025-llmz/data/raw_ingested_transcripts/How to Survive an Opening Sinkhole_25-10-12 09:01 PM.json: 6 chunks created
2025-10-19 00:16:35 - ingestion.transcript_chunking - INFO - Saved 6 chunks for 'How to Survive an Opening Sinkhole' to /home/sidd4ml/capstoneproject-2025-llmz/data/chunked_data/how_to_survive_an_opening_sinkhole_20251019_001635.json
2025-10-19 00:16:35 - ingestion.transcript_chunking - INFO - 
Processing: How to Survive the World’s Deadliest Quicksand Pits_25-10-12 10:29 PM.json
2025-10-19 00:16:35 - ingestion.transcript_chunking - INFO - Processed /home/sidd4ml/capstoneproject-2025-llmz/data/raw_ingested_transcripts/How to Survive the World’s Deadliest Quicksand Pits_25-10-12 10:29 PM.json: 6 chunks created
2025-10-19 00:16:35 - ingestion.transcript_chunking - INFO - Saved 6 chunks for 'How to Survive the World’s Deadliest Quicksand Pits' to /home/sidd4ml/capstoneproject-2025-llmz/data/chunked_data/how_to_survive_the_worlds_deadliest_quicksand_pits_20251019_001635.json
2025-10-19 00:16:35 - ingestion.transcript_chunking - INFO - 
Processing: How to Survive Walking on Lava_25-10-12 09:02 PM.json
2025-10-19 00:16:35 - ingestion.transcript_chunking - INFO - Processed /home/sidd4ml/capstoneproject-2025-llmz/data/raw_ingested_transcripts/How to Survive Walking on Lava_25-10-12 09:02 PM.json: 5 chunks created
2025-10-19 00:16:35 - ingestion.transcript_chunking - INFO - Saved 5 chunks for 'How to Survive Walking on Lava' to /home/sidd4ml/capstoneproject-2025-llmz/data/chunked_data/how_to_survive_walking_on_lava_20251019_001635.json
2025-10-19 00:16:35 - ingestion.transcript_chunking - INFO - 
Processing: AI Predicts a Massive Asteroid Strike on Earth_25-10-18 11:00 PM.json
2025-10-19 00:16:35 - ingestion.transcript_chunking - INFO - Processed /home/sidd4ml/capstoneproject-2025-llmz/data/raw_ingested_transcripts/AI Predicts a Massive Asteroid Strike on Earth_25-10-18 11:00 PM.json: 7 chunks created
2025-10-19 00:16:35 - ingestion.transcript_chunking - INFO - Saved 7 chunks for 'AI Predicts a Massive Asteroid Strike on Earth' to /home/sidd4ml/capstoneproject-2025-llmz/data/chunked_data/ai_predicts_a_massive_asteroid_strike_on_earth_20251019_001635.json
2025-10-19 00:16:35 - ingestion.transcript_chunking - INFO - 
Processing: How to Survive an Earthquake,  According To Science_25-10-12 10:02 PM.json
2025-10-19 00:16:35 - ingestion.transcript_chunking - INFO - Processed /home/sidd4ml/capstoneproject-2025-llmz/data/raw_ingested_transcripts/How to Survive an Earthquake,  According To Science_25-10-12 10:02 PM.json: 4 chunks created
2025-10-19 00:16:35 - ingestion.transcript_chunking - INFO - Saved 4 chunks for 'How to Survive an Earthquake,  According To Science' to /home/sidd4ml/capstoneproject-2025-llmz/data/chunked_data/how_to_survive_an_earthquake_according_to_science_20251019_001635.json
2025-10-19 00:16:35 - ingestion.transcript_chunking - INFO - 
Processing: How to Survive Hypothermia_25-10-12 08:55 PM.json
2025-10-19 00:16:35 - ingestion.transcript_chunking - INFO - Processed /home/sidd4ml/capstoneproject-2025-llmz/data/raw_ingested_transcripts/How to Survive Hypothermia_25-10-12 08:55 PM.json: 6 chunks created
2025-10-19 00:16:35 - ingestion.transcript_chunking - INFO - Saved 6 chunks for 'How to Survive Hypothermia' to /home/sidd4ml/capstoneproject-2025-llmz/data/chunked_data/how_to_survive_hypothermia_20251019_001635.json
2025-10-19 00:16:35 - ingestion.transcript_chunking - INFO - 
Processing: The Worst Things To Do in an Earthquake_25-10-12 10:29 PM.json
2025-10-19 00:16:35 - ingestion.transcript_chunking - INFO - Processed /home/sidd4ml/capstoneproject-2025-llmz/data/raw_ingested_transcripts/The Worst Things To Do in an Earthquake_25-10-12 10:29 PM.json: 7 chunks created
2025-10-19 00:16:35 - ingestion.transcript_chunking - INFO - Saved 7 chunks for 'The Worst Things To Do in an Earthquake' to /home/sidd4ml/capstoneproject-2025-llmz/data/chunked_data/the_worst_things_to_do_in_an_earthquake_20251019_001635.json
2025-10-19 00:16:35 - ingestion.transcript_chunking - INFO - 
Processing: How Long Could You Survive Mpox (Monkeypox)-_25-10-12 08:58 PM.json
2025-10-19 00:16:35 - ingestion.transcript_chunking - INFO - Processed /home/sidd4ml/capstoneproject-2025-llmz/data/raw_ingested_transcripts/How Long Could You Survive Mpox (Monkeypox)-_25-10-12 08:58 PM.json: 2 chunks created
2025-10-19 00:16:35 - ingestion.transcript_chunking - INFO - Saved 2 chunks for 'How Long Could You Survive Mpox (Monkeypox)?' to /home/sidd4ml/capstoneproject-2025-llmz/data/chunked_data/how_long_could_you_survive_mpox_monkeypox_20251019_001635.json
2025-10-19 00:16:35 - ingestion.transcript_chunking - INFO - 
Processing: How to Survive a Mudslide_25-10-12 10:02 PM.json
2025-10-19 00:16:35 - ingestion.transcript_chunking - INFO - Processed /home/sidd4ml/capstoneproject-2025-llmz/data/raw_ingested_transcripts/How to Survive a Mudslide_25-10-12 10:02 PM.json: 6 chunks created
2025-10-19 00:16:35 - ingestion.transcript_chunking - INFO - Saved 6 chunks for 'How to Survive a Mudslide' to /home/sidd4ml/capstoneproject-2025-llmz/data/chunked_data/how_to_survive_a_mudslide_20251019_001635.json
2025-10-19 00:16:35 - ingestion.transcript_chunking - INFO - 
Processing: How to Survive a Collapsing Sand Dune_25-10-12 08:59 PM.json
2025-10-19 00:16:35 - ingestion.transcript_chunking - INFO - Processed /home/sidd4ml/capstoneproject-2025-llmz/data/raw_ingested_transcripts/How to Survive a Collapsing Sand Dune_25-10-12 08:59 PM.json: 7 chunks created
2025-10-19 00:16:35 - ingestion.transcript_chunking - INFO - Saved 7 chunks for 'How to Survive a Collapsing Sand Dune' to /home/sidd4ml/capstoneproject-2025-llmz/data/chunked_data/how_to_survive_a_collapsing_sand_dune_20251019_001635.json
2025-10-19 00:16:35 - ingestion.transcript_chunking - INFO - 
Processing: How to Survive Only on Water for a Week_25-10-12 08:56 PM.json
2025-10-19 00:16:35 - ingestion.transcript_chunking - INFO - Processed /home/sidd4ml/capstoneproject-2025-llmz/data/raw_ingested_transcripts/How to Survive Only on Water for a Week_25-10-12 08:56 PM.json: 6 chunks created
2025-10-19 00:16:35 - ingestion.transcript_chunking - INFO - Saved 6 chunks for 'How to Survive Only on Water for a Week' to /home/sidd4ml/capstoneproject-2025-llmz/data/chunked_data/how_to_survive_only_on_water_for_a_week_20251019_001635.json
2025-10-19 00:16:35 - ingestion.transcript_chunking - INFO - 
Processing: The Black Market of Butt Injections_25-10-12 08:57 PM.json
2025-10-19 00:16:35 - ingestion.transcript_chunking - INFO - Processed /home/sidd4ml/capstoneproject-2025-llmz/data/raw_ingested_transcripts/The Black Market of Butt Injections_25-10-12 08:57 PM.json: 6 chunks created
2025-10-19 00:16:35 - ingestion.transcript_chunking - INFO - Saved 6 chunks for 'The Black Market of Butt Injections' to /home/sidd4ml/capstoneproject-2025-llmz/data/chunked_data/the_black_market_of_butt_injections_20251019_001635.json
2025-10-19 00:16:35 - ingestion.transcript_chunking - INFO - 
Processing: How to Survive Choking When Alone_25-10-12 03:49 PM.json
2025-10-19 00:16:35 - ingestion.transcript_chunking - INFO - Processed /home/sidd4ml/capstoneproject-2025-llmz/data/raw_ingested_transcripts/How to Survive Choking When Alone_25-10-12 03:49 PM.json: 6 chunks created
2025-10-19 00:16:35 - ingestion.transcript_chunking - INFO - Saved 6 chunks for 'How to Survive Choking When Alone' to /home/sidd4ml/capstoneproject-2025-llmz/data/chunked_data/how_to_survive_choking_when_alone_20251019_001635.json
2025-10-19 00:16:35 - ingestion.transcript_chunking - INFO - 
Processing: How to Survive a Supervolcano_25-10-12 10:30 PM.json
2025-10-19 00:16:35 - ingestion.transcript_chunking - INFO - Processed /home/sidd4ml/capstoneproject-2025-llmz/data/raw_ingested_transcripts/How to Survive a Supervolcano_25-10-12 10:30 PM.json: 6 chunks created
2025-10-19 00:16:35 - ingestion.transcript_chunking - INFO - Saved 6 chunks for 'How to Survive a Supervolcano' to /home/sidd4ml/capstoneproject-2025-llmz/data/chunked_data/how_to_survive_a_supervolcano_20251019_001635.json
2025-10-19 00:16:35 - ingestion.transcript_chunking - INFO - 
Processing: The Worst Things To Do in a Tsunami_25-10-12 10:03 PM.json
2025-10-19 00:16:35 - ingestion.transcript_chunking - INFO - Processed /home/sidd4ml/capstoneproject-2025-llmz/data/raw_ingested_transcripts/The Worst Things To Do in a Tsunami_25-10-12 10:03 PM.json: 7 chunks created
2025-10-19 00:16:35 - ingestion.transcript_chunking - INFO - Saved 7 chunks for 'The Worst Things To Do in a Tsunami' to /home/sidd4ml/capstoneproject-2025-llmz/data/chunked_data/the_worst_things_to_do_in_a_tsunami_20251019_001635.json
2025-10-19 00:16:35 - ingestion.transcript_chunking - INFO - 
Processing: Top 5 People Who Survived the Impossible_25-10-12 08:55 PM.json
2025-10-19 00:16:35 - ingestion.transcript_chunking - INFO - Processed /home/sidd4ml/capstoneproject-2025-llmz/data/raw_ingested_transcripts/Top 5 People Who Survived the Impossible_25-10-12 08:55 PM.json: 7 chunks created
2025-10-19 00:16:35 - ingestion.transcript_chunking - INFO - Saved 7 chunks for 'Top 5 People Who Survived the Impossible' to /home/sidd4ml/capstoneproject-2025-llmz/data/chunked_data/top_5_people_who_survived_the_impossible_20251019_001635.json
2025-10-19 00:16:35 - ingestion.transcript_chunking - INFO - 
Processing: The True Scale of Tsunamis_25-10-12 10:30 PM.json
2025-10-19 00:16:35 - ingestion.transcript_chunking - INFO - Processed /home/sidd4ml/capstoneproject-2025-llmz/data/raw_ingested_transcripts/The True Scale of Tsunamis_25-10-12 10:30 PM.json: 7 chunks created
2025-10-19 00:16:35 - ingestion.transcript_chunking - INFO - Saved 7 chunks for 'The True Scale of Tsunamis' to /home/sidd4ml/capstoneproject-2025-llmz/data/chunked_data/the_true_scale_of_tsunamis_20251019_001635.json
2025-10-19 00:16:35 - ingestion.transcript_chunking - INFO - 
Processing: How to Survive Choking_25-10-12 03:46 PM.json
2025-10-19 00:16:35 - ingestion.transcript_chunking - INFO - Processed /home/sidd4ml/capstoneproject-2025-llmz/data/raw_ingested_transcripts/How to Survive Choking_25-10-12 03:46 PM.json: 7 chunks created
2025-10-19 00:16:35 - ingestion.transcript_chunking - INFO - Saved 7 chunks for 'How to Survive Choking' to /home/sidd4ml/capstoneproject-2025-llmz/data/chunked_data/how_to_survive_choking_20251019_001635.json
2025-10-19 00:16:35 - ingestion.transcript_chunking - INFO - 
Processing: How to Survive The 7 Most Dangerous Childbirth Complications_25-10-12 08:57 PM.json
2025-10-19 00:16:35 - ingestion.transcript_chunking - INFO - Processed /home/sidd4ml/capstoneproject-2025-llmz/data/raw_ingested_transcripts/How to Survive The 7 Most Dangerous Childbirth Complications_25-10-12 08:57 PM.json: 7 chunks created
2025-10-19 00:16:35 - ingestion.transcript_chunking - INFO - Saved 7 chunks for 'How to Survive The 7 Most Dangerous Childbirth Complications' to /home/sidd4ml/capstoneproject-2025-llmz/data/chunked_data/how_to_survive_the_7_most_dangerous_childbirth_complications_20251019_001635.json
2025-10-19 00:16:35 - ingestion.transcript_chunking - INFO - 
Processing: How to Survive Mount Everest_25-10-12 03:48 PM.json
2025-10-19 00:16:35 - ingestion.transcript_chunking - INFO - Processed /home/sidd4ml/capstoneproject-2025-llmz/data/raw_ingested_transcripts/How to Survive Mount Everest_25-10-12 03:48 PM.json: 8 chunks created
2025-10-19 00:16:35 - ingestion.transcript_chunking - INFO - Saved 8 chunks for 'How to Survive Mount Everest' to /home/sidd4ml/capstoneproject-2025-llmz/data/chunked_data/how_to_survive_mount_everest_20251019_001635.json
2025-10-19 00:16:35 - ingestion.transcript_chunking - INFO - 
Processing: How to Survive a Fire, According to Science_25-10-12 09:03 PM.json
2025-10-19 00:16:35 - ingestion.transcript_chunking - INFO - Processed /home/sidd4ml/capstoneproject-2025-llmz/data/raw_ingested_transcripts/How to Survive a Fire, According to Science_25-10-12 09:03 PM.json: 7 chunks created
2025-10-19 00:16:35 - ingestion.transcript_chunking - INFO - Saved 7 chunks for 'How to Survive a Fire, According to Science' to /home/sidd4ml/capstoneproject-2025-llmz/data/chunked_data/how_to_survive_a_fire_according_to_science_20251019_001635.json
2025-10-19 00:16:35 - ingestion.transcript_chunking - INFO - 
Processing: How to Survive a Bullet Wound_25-10-12 03:50 PM.json
2025-10-19 00:16:35 - ingestion.transcript_chunking - INFO - Processed /home/sidd4ml/capstoneproject-2025-llmz/data/raw_ingested_transcripts/How to Survive a Bullet Wound_25-10-12 03:50 PM.json: 8 chunks created
2025-10-19 00:16:35 - ingestion.transcript_chunking - INFO - Saved 8 chunks for 'How to Survive a Bullet Wound' to /home/sidd4ml/capstoneproject-2025-llmz/data/chunked_data/how_to_survive_a_bullet_wound_20251019_001635.json
2025-10-19 00:16:35 - ingestion.transcript_chunking - INFO - 
Processing: How to Survive 2021_25-10-12 08:52 PM.json
2025-10-19 00:16:35 - ingestion.transcript_chunking - INFO - Processed /home/sidd4ml/capstoneproject-2025-llmz/data/raw_ingested_transcripts/How to Survive 2021_25-10-12 08:52 PM.json: 2 chunks created
2025-10-19 00:16:35 - ingestion.transcript_chunking - INFO - Saved 2 chunks for 'How to Survive 2021' to /home/sidd4ml/capstoneproject-2025-llmz/data/chunked_data/how_to_survive_2021_20251019_001635.json
2025-10-19 00:16:35 - ingestion.transcript_chunking - INFO - 
Processing: How to Survive a Nuclear Meltdown_25-10-12 08:54 PM.json
2025-10-19 00:16:35 - ingestion.transcript_chunking - INFO - Processed /home/sidd4ml/capstoneproject-2025-llmz/data/raw_ingested_transcripts/How to Survive a Nuclear Meltdown_25-10-12 08:54 PM.json: 5 chunks created
2025-10-19 00:16:35 - ingestion.transcript_chunking - INFO - Saved 5 chunks for 'How to Survive a Nuclear Meltdown' to /home/sidd4ml/capstoneproject-2025-llmz/data/chunked_data/how_to_survive_a_nuclear_meltdown_20251019_001635.json
2025-10-19 00:16:35 - ingestion.transcript_chunking - INFO - 
Processing: How to Survive a Heat Wave, According to Science_25-10-12 10:02 PM.json
2025-10-19 00:16:35 - ingestion.transcript_chunking - INFO - Processed /home/sidd4ml/capstoneproject-2025-llmz/data/raw_ingested_transcripts/How to Survive a Heat Wave, According to Science_25-10-12 10:02 PM.json: 7 chunks created
2025-10-19 00:16:35 - ingestion.transcript_chunking - INFO - Saved 7 chunks for 'How to Survive a Heat Wave, According to Science' to /home/sidd4ml/capstoneproject-2025-llmz/data/chunked_data/how_to_survive_a_heat_wave_according_to_science_20251019_001635.json
2025-10-19 00:16:35 - ingestion.transcript_chunking - INFO - 
Processing: How to Survive an Exploding Phone_25-10-12 03:49 PM.json
2025-10-19 00:16:35 - ingestion.transcript_chunking - INFO - Processed /home/sidd4ml/capstoneproject-2025-llmz/data/raw_ingested_transcripts/How to Survive an Exploding Phone_25-10-12 03:49 PM.json: 6 chunks created
2025-10-19 00:16:35 - ingestion.transcript_chunking - INFO - Saved 6 chunks for 'How to Survive an Exploding Phone' to /home/sidd4ml/capstoneproject-2025-llmz/data/chunked_data/how_to_survive_an_exploding_phone_20251019_001635.json
2025-10-19 00:16:35 - ingestion.transcript_chunking - INFO - 
Processing: The Deadliest Earthquake In Human History_25-10-12 08:58 PM.json
2025-10-19 00:16:35 - ingestion.transcript_chunking - INFO - Processed /home/sidd4ml/capstoneproject-2025-llmz/data/raw_ingested_transcripts/The Deadliest Earthquake In Human History_25-10-12 08:58 PM.json: 7 chunks created
2025-10-19 00:16:35 - ingestion.transcript_chunking - INFO - Saved 7 chunks for 'The Deadliest Earthquake In Human History' to /home/sidd4ml/capstoneproject-2025-llmz/data/chunked_data/the_deadliest_earthquake_in_human_history_20251019_001635.json
2025-10-19 00:16:35 - ingestion.transcript_chunking - INFO - 
Processing: How to Survive Falling Through Ice_25-10-12 10:29 PM.json
2025-10-19 00:16:35 - ingestion.transcript_chunking - INFO - Processed /home/sidd4ml/capstoneproject-2025-llmz/data/raw_ingested_transcripts/How to Survive Falling Through Ice_25-10-12 10:29 PM.json: 5 chunks created
2025-10-19 00:16:35 - ingestion.transcript_chunking - INFO - Saved 5 chunks for 'How to Survive Falling Through Ice' to /home/sidd4ml/capstoneproject-2025-llmz/data/chunked_data/how_to_survive_falling_through_ice_20251019_001635.json
2025-10-19 00:16:35 - ingestion.transcript_chunking - INFO - 
Processing: How to Survive a Brain-Eating Amoeba_25-10-12 08:56 PM.json
2025-10-19 00:16:35 - ingestion.transcript_chunking - INFO - Processed /home/sidd4ml/capstoneproject-2025-llmz/data/raw_ingested_transcripts/How to Survive a Brain-Eating Amoeba_25-10-12 08:56 PM.json: 6 chunks created
2025-10-19 00:16:35 - ingestion.transcript_chunking - INFO - Saved 6 chunks for 'How to Survive a Brain-Eating Amoeba' to /home/sidd4ml/capstoneproject-2025-llmz/data/chunked_data/how_to_survive_a_brain_eating_amoeba_20251019_001635.json
2025-10-19 00:16:35 - ingestion.transcript_chunking - INFO - 
Processing: How to Survive- The Safest Places to Hide During an Undead Apocalypse_25-10-12 08:59 PM.json
2025-10-19 00:16:35 - ingestion.transcript_chunking - INFO - Processed /home/sidd4ml/capstoneproject-2025-llmz/data/raw_ingested_transcripts/How to Survive- The Safest Places to Hide During an Undead Apocalypse_25-10-12 08:59 PM.json: 7 chunks created
2025-10-19 00:16:35 - ingestion.transcript_chunking - INFO - Saved 7 chunks for 'How to Survive: The Safest Places to Hide During an Undead Apocalypse' to /home/sidd4ml/capstoneproject-2025-llmz/data/chunked_data/how_to_survive_the_safest_places_to_hide_during_an_undead_apocalypse_20251019_001635.json
2025-10-19 00:16:35 - ingestion.transcript_chunking - INFO - 
Processing: Household Items That Could Save You in a Nuclear War_25-10-12 08:57 PM.json
2025-10-19 00:16:35 - ingestion.transcript_chunking - INFO - Processed /home/sidd4ml/capstoneproject-2025-llmz/data/raw_ingested_transcripts/Household Items That Could Save You in a Nuclear War_25-10-12 08:57 PM.json: 9 chunks created
2025-10-19 00:16:35 - ingestion.transcript_chunking - INFO - Saved 9 chunks for 'Household Items That Could Save You in a Nuclear War' to /home/sidd4ml/capstoneproject-2025-llmz/data/chunked_data/household_items_that_could_save_you_in_a_nuclear_war_20251019_001635.json
2025-10-19 00:16:35 - ingestion.transcript_chunking - INFO - 
Processing: How to Survive a Week in a Bathtub_25-10-18 11:03 PM.json
2025-10-19 00:16:35 - ingestion.transcript_chunking - INFO - Processed /home/sidd4ml/capstoneproject-2025-llmz/data/raw_asr_transcripts/How to Survive a Week in a Bathtub_25-10-18 11:03 PM.json: 5 chunks created
2025-10-19 00:16:35 - ingestion.transcript_chunking - INFO - Saved 5 chunks for 'How to Survive a Week in a Bathtub' to /home/sidd4ml/capstoneproject-2025-llmz/data/chunked_data/how_to_survive_a_week_in_a_bathtub_20251019_001635.json
2025-10-19 00:16:35 - ingestion.transcript_chunking - INFO - 
Processing: How to Survive an Avalanche, According to Science_25-10-18 11:04 PM.json
2025-10-19 00:16:35 - ingestion.transcript_chunking - INFO - Processed /home/sidd4ml/capstoneproject-2025-llmz/data/raw_asr_transcripts/How to Survive an Avalanche, According to Science_25-10-18 11:04 PM.json: 1 chunks created
2025-10-19 00:16:35 - ingestion.transcript_chunking - INFO - Saved 1 chunks for 'How to Survive an Avalanche, According to Science' to /home/sidd4ml/capstoneproject-2025-llmz/data/chunked_data/how_to_survive_an_avalanche_according_to_science_20251019_001635.json
2025-10-19 00:16:35 - ingestion.transcript_chunking - INFO - 
Processing: How to Survive in the Arctic Without Clothes_25-10-18 11:01 PM.json
2025-10-19 00:16:35 - ingestion.transcript_chunking - INFO - Processed /home/sidd4ml/capstoneproject-2025-llmz/data/raw_asr_transcripts/How to Survive in the Arctic Without Clothes_25-10-18 11:01 PM.json: 8 chunks created
2025-10-19 00:16:35 - ingestion.transcript_chunking - INFO - Saved 8 chunks for 'How to Survive in the Arctic Without Clothes' to /home/sidd4ml/capstoneproject-2025-llmz/data/chunked_data/how_to_survive_in_the_arctic_without_clothes_20251019_001635.json
2025-10-19 00:16:35 - ingestion.transcript_chunking - INFO - 
Chunking process completed!
2025-10-19 00:16:35 - ingestion.transcript_chunking - INFO - Files processed: 104
2025-10-19 00:16:35 - ingestion.transcript_chunking - INFO - Total chunks created: 644
2025-10-19 00:16:35 - ingestion.transcript_chunking - INFO - Chunks saved to: /home/sidd4ml/capstoneproject-2025-llmz/data/chunked_data
2025-10-19 00:16:35 - ingestion.transcript_chunking - INFO - 
Deleting 104 processed source files...
2025-10-19 00:16:35 - prefect.task_runs - INFO - Finished in state Completed()
2025-10-19 00:16:35 - __main__ - INFO - ✅ Chunking completed: 104 transcript chunked
2025-10-19 00:16:35 - __main__ - INFO - 📋 Step 2: Executing embedding and Qdrant upsert...
2025-10-19 00:16:35 - ingestion.chunk_embedding_upserting - INFO - 🎯 Starting Survival Strategies Chunk Embedding & Upsert Process
2025-10-19 00:16:36 - httpx - INFO - HTTP Request: GET https://5ef7d200-3b5c-4874-8f95-e621d3d5d429.eu-central-1-0.aws.cloud.qdrant.io:6333 "HTTP/1.1 200 OK"
2025-10-19 00:16:37 - httpx - INFO - HTTP Request: GET http://127.0.0.1:8757/api/csrf-token?client=e935d587-c067-4984-a2fb-8d5dda92c9be "HTTP/1.1 422 Unprocessable Entity"
2025-10-19 00:16:37 - httpx - INFO - HTTP Request: POST http://127.0.0.1:8757/api/logs/ "HTTP/1.1 201 Created"
2025-10-19 00:16:40 - ingestion.chunk_embedding_upserting - INFO - ✅ Clients initialized successfully
2025-10-19 00:16:40 - prefect.task_runs - INFO - Finished in state Completed()
2025-10-19 00:16:40 - httpx - INFO - HTTP Request: DELETE https://5ef7d200-3b5c-4874-8f95-e621d3d5d429.eu-central-1-0.aws.cloud.qdrant.io:6333/collections/survival_strategies "HTTP/1.1 200 OK"
2025-10-19 00:16:40 - ingestion.chunk_embedding_upserting - INFO - 🗑️ Deleted existing collection: survival_strategies
2025-10-19 00:16:41 - httpx - INFO - HTTP Request: PUT https://5ef7d200-3b5c-4874-8f95-e621d3d5d429.eu-central-1-0.aws.cloud.qdrant.io:6333/collections/survival_strategies "HTTP/1.1 200 OK"
2025-10-19 00:16:41 - ingestion.chunk_embedding_upserting - INFO - 📖 Created new collection: survival_strategies (dimension: 768)
2025-10-19 00:16:41 - ingestion.chunk_embedding_upserting - INFO - ✅ Collection setup completed with indexes
2025-10-19 00:16:41 - prefect.task_runs - INFO - Finished in state Completed()
2025-10-19 00:16:41 - ingestion.chunk_embedding_upserting - INFO - 📁 Found 104 chunk files to process
2025-10-19 00:16:41 - ingestion.chunk_embedding_upserting - INFO - 
📄 [1/104] Processing how_to_survive_walking_on_broken_glass_20251019_001635.json...
2025-10-19 00:16:41 - ingestion.chunk_embedding_upserting - INFO - 🧠 Memory usage: 1100.0 MB
2025-10-19 00:16:41 - ingestion.chunk_embedding_upserting - INFO -    📄 Loaded 7 chunks from how_to_survive_walking_on_broken_glass_20251019_001635.json
2025-10-19 00:16:41 - ingestion.chunk_embedding_upserting - INFO -    📊 7 chunks loaded from file
2025-10-19 00:16:41 - ingestion.chunk_embedding_upserting - INFO -    🔄 Batch 1/1 (7 chunks)...
2025-10-19 00:16:41 - ingestion.chunk_embedding_upserting - INFO - 🔢 Generating embeddings for 7 chunks...
2025-10-19 00:16:42 - httpx - INFO - HTTP Request: POST http://127.0.0.1:8757/api/logs/ "HTTP/1.1 201 Created"
2025-10-19 00:16:42 - ingestion.chunk_embedding_upserting - INFO - ✅ Generated 7 embeddings
2025-10-19 00:16:43 - httpx - INFO - HTTP Request: PUT https://5ef7d200-3b5c-4874-8f95-e621d3d5d429.eu-central-1-0.aws.cloud.qdrant.io:6333/collections/survival_strategies/points?wait=true "HTTP/1.1 200 OK"
2025-10-19 00:16:43 - ingestion.chunk_embedding_upserting - INFO -    ✅ Batch 1 upserted successfully
2025-10-19 00:16:43 - prefect.task_runs - INFO - Finished in state Completed()
2025-10-19 00:16:43 - ingestion.chunk_embedding_upserting - INFO - ✅ how_to_survive_walking_on_broken_glass_20251019_001635.json: 7/7 chunks upserted
2025-10-19 00:16:44 - ingestion.chunk_embedding_upserting - INFO - 🧠 Memory usage: 1104.0 MB
2025-10-19 00:16:44 - ingestion.chunk_embedding_upserting - INFO - 
📄 [2/104] Processing how_to_survive_eating_raw_meat_20251019_001635.json...
2025-10-19 00:16:44 - ingestion.chunk_embedding_upserting - INFO - 🧠 Memory usage: 1104.0 MB
2025-10-19 00:16:44 - ingestion.chunk_embedding_upserting - INFO -    📄 Loaded 6 chunks from how_to_survive_eating_raw_meat_20251019_001635.json
2025-10-19 00:16:44 - ingestion.chunk_embedding_upserting - INFO -    📊 6 chunks loaded from file
2025-10-19 00:16:44 - ingestion.chunk_embedding_upserting - INFO -    🔄 Batch 1/1 (6 chunks)...
2025-10-19 00:16:44 - ingestion.chunk_embedding_upserting - INFO - 🔢 Generating embeddings for 6 chunks...
2025-10-19 00:16:44 - httpx - INFO - HTTP Request: POST http://127.0.0.1:8757/api/logs/ "HTTP/1.1 201 Created"
2025-10-19 00:16:45 - ingestion.chunk_embedding_upserting - INFO - ✅ Generated 6 embeddings
2025-10-19 00:16:46 - httpx - INFO - HTTP Request: PUT https://5ef7d200-3b5c-4874-8f95-e621d3d5d429.eu-central-1-0.aws.cloud.qdrant.io:6333/collections/survival_strategies/points?wait=true "HTTP/1.1 200 OK"
2025-10-19 00:16:46 - ingestion.chunk_embedding_upserting - INFO -    ✅ Batch 1 upserted successfully
2025-10-19 00:16:46 - prefect.task_runs - INFO - Finished in state Completed()
2025-10-19 00:16:46 - ingestion.chunk_embedding_upserting - INFO - ✅ how_to_survive_eating_raw_meat_20251019_001635.json: 6/6 chunks upserted
2025-10-19 00:16:46 - ingestion.chunk_embedding_upserting - INFO - 🧠 Memory usage: 1104.4 MB
2025-10-19 00:16:46 - ingestion.chunk_embedding_upserting - INFO - 
📄 [3/104] Processing how_to_survive_falling_through_ice_20251019_001635.json...
2025-10-19 00:16:46 - ingestion.chunk_embedding_upserting - INFO - 🧠 Memory usage: 1104.4 MB
2025-10-19 00:16:46 - ingestion.chunk_embedding_upserting - INFO -    📄 Loaded 5 chunks from how_to_survive_falling_through_ice_20251019_001635.json
2025-10-19 00:16:46 - ingestion.chunk_embedding_upserting - INFO -    📊 5 chunks loaded from file
2025-10-19 00:16:46 - ingestion.chunk_embedding_upserting - INFO -    🔄 Batch 1/1 (5 chunks)...
2025-10-19 00:16:46 - ingestion.chunk_embedding_upserting - INFO - 🔢 Generating embeddings for 5 chunks...
2025-10-19 00:16:48 - ingestion.chunk_embedding_upserting - INFO - ✅ Generated 5 embeddings
2025-10-19 00:16:48 - httpx - INFO - HTTP Request: POST http://127.0.0.1:8757/api/logs/ "HTTP/1.1 201 Created"
2025-10-19 00:16:48 - httpx - INFO - HTTP Request: PUT https://5ef7d200-3b5c-4874-8f95-e621d3d5d429.eu-central-1-0.aws.cloud.qdrant.io:6333/collections/survival_strategies/points?wait=true "HTTP/1.1 200 OK"
2025-10-19 00:16:48 - ingestion.chunk_embedding_upserting - INFO -    ✅ Batch 1 upserted successfully
2025-10-19 00:16:49 - prefect.task_runs - INFO - Finished in state Completed()
2025-10-19 00:16:49 - ingestion.chunk_embedding_upserting - INFO - ✅ how_to_survive_falling_through_ice_20251019_001635.json: 5/5 chunks upserted
2025-10-19 00:16:49 - ingestion.chunk_embedding_upserting - INFO - 🧠 Memory usage: 1104.6 MB
2025-10-19 00:16:49 - ingestion.chunk_embedding_upserting - INFO - 
📄 [4/104] Processing how_to_survive_choking_when_alone_20251019_001635.json...
2025-10-19 00:16:49 - ingestion.chunk_embedding_upserting - INFO - 🧠 Memory usage: 1104.6 MB
2025-10-19 00:16:49 - ingestion.chunk_embedding_upserting - INFO -    📄 Loaded 6 chunks from how_to_survive_choking_when_alone_20251019_001635.json
2025-10-19 00:16:49 - ingestion.chunk_embedding_upserting - INFO -    📊 6 chunks loaded from file
2025-10-19 00:16:49 - ingestion.chunk_embedding_upserting - INFO -    🔄 Batch 1/1 (6 chunks)...
2025-10-19 00:16:49 - ingestion.chunk_embedding_upserting - INFO - 🔢 Generating embeddings for 6 chunks...
2025-10-19 00:16:50 - httpx - INFO - HTTP Request: POST http://127.0.0.1:8757/api/logs/ "HTTP/1.1 201 Created"
2025-10-19 00:16:52 - ingestion.chunk_embedding_upserting - INFO - ✅ Generated 6 embeddings
2025-10-19 00:16:52 - httpx - INFO - HTTP Request: PUT https://5ef7d200-3b5c-4874-8f95-e621d3d5d429.eu-central-1-0.aws.cloud.qdrant.io:6333/collections/survival_strategies/points?wait=true "HTTP/1.1 200 OK"
2025-10-19 00:16:52 - ingestion.chunk_embedding_upserting - INFO -    ✅ Batch 1 upserted successfully
2025-10-19 00:16:53 - prefect.task_runs - INFO - Finished in state Completed()
2025-10-19 00:16:53 - ingestion.chunk_embedding_upserting - INFO - ✅ how_to_survive_choking_when_alone_20251019_001635.json: 6/6 chunks upserted
2025-10-19 00:16:53 - ingestion.chunk_embedding_upserting - INFO - 🧠 Memory usage: 1104.6 MB
2025-10-19 00:16:53 - ingestion.chunk_embedding_upserting - INFO - 
📄 [5/104] Processing top_5_people_who_survived_the_impossible_20251019_001635.json...
2025-10-19 00:16:53 - ingestion.chunk_embedding_upserting - INFO - 🧠 Memory usage: 1104.6 MB
2025-10-19 00:16:53 - ingestion.chunk_embedding_upserting - INFO -    📄 Loaded 7 chunks from top_5_people_who_survived_the_impossible_20251019_001635.json
2025-10-19 00:16:53 - ingestion.chunk_embedding_upserting - INFO -    📊 7 chunks loaded from file
2025-10-19 00:16:53 - ingestion.chunk_embedding_upserting - INFO -    🔄 Batch 1/1 (7 chunks)...
2025-10-19 00:16:53 - ingestion.chunk_embedding_upserting - INFO - 🔢 Generating embeddings for 7 chunks...
2025-10-19 00:16:54 - httpx - INFO - HTTP Request: POST http://127.0.0.1:8757/api/logs/ "HTTP/1.1 201 Created"
2025-10-19 00:16:56 - ingestion.chunk_embedding_upserting - INFO - ✅ Generated 7 embeddings
2025-10-19 00:16:56 - httpx - INFO - HTTP Request: PUT https://5ef7d200-3b5c-4874-8f95-e621d3d5d429.eu-central-1-0.aws.cloud.qdrant.io:6333/collections/survival_strategies/points?wait=true "HTTP/1.1 200 OK"
2025-10-19 00:16:56 - ingestion.chunk_embedding_upserting - INFO -    ✅ Batch 1 upserted successfully
2025-10-19 00:16:57 - prefect.task_runs - INFO - Finished in state Completed()
2025-10-19 00:16:57 - ingestion.chunk_embedding_upserting - INFO - ✅ top_5_people_who_survived_the_impossible_20251019_001635.json: 7/7 chunks upserted
2025-10-19 00:16:57 - ingestion.chunk_embedding_upserting - INFO - 🧠 Memory usage: 1104.9 MB
2025-10-19 00:16:57 - ingestion.chunk_embedding_upserting - INFO - 
📄 [6/104] Processing how_to_survive_walking_on_lava_20251019_001635.json...
2025-10-19 00:16:57 - ingestion.chunk_embedding_upserting - INFO - 🧠 Memory usage: 1104.9 MB
2025-10-19 00:16:57 - ingestion.chunk_embedding_upserting - INFO -    📄 Loaded 5 chunks from how_to_survive_walking_on_lava_20251019_001635.json
2025-10-19 00:16:57 - ingestion.chunk_embedding_upserting - INFO -    📊 5 chunks loaded from file
2025-10-19 00:16:57 - ingestion.chunk_embedding_upserting - INFO -    🔄 Batch 1/1 (5 chunks)...
2025-10-19 00:16:57 - ingestion.chunk_embedding_upserting - INFO - 🔢 Generating embeddings for 5 chunks...
2025-10-19 00:16:58 - httpx - INFO - HTTP Request: POST http://127.0.0.1:8757/api/logs/ "HTTP/1.1 201 Created"
2025-10-19 00:16:59 - ingestion.chunk_embedding_upserting - INFO - ✅ Generated 5 embeddings
2025-10-19 00:17:00 - httpx - INFO - HTTP Request: PUT https://5ef7d200-3b5c-4874-8f95-e621d3d5d429.eu-central-1-0.aws.cloud.qdrant.io:6333/collections/survival_strategies/points?wait=true "HTTP/1.1 200 OK"
2025-10-19 00:17:00 - ingestion.chunk_embedding_upserting - INFO -    ✅ Batch 1 upserted successfully
2025-10-19 00:17:00 - prefect.task_runs - INFO - Finished in state Completed()
2025-10-19 00:17:00 - ingestion.chunk_embedding_upserting - INFO - ✅ how_to_survive_walking_on_lava_20251019_001635.json: 5/5 chunks upserted
2025-10-19 00:17:00 - ingestion.chunk_embedding_upserting - INFO - 🧠 Memory usage: 1105.3 MB
2025-10-19 00:17:00 - ingestion.chunk_embedding_upserting - INFO - 
📄 [7/104] Processing how_to_survive_your_house_being_swallowed_by_a_sinkhole_20251019_001635.json...
2025-10-19 00:17:00 - ingestion.chunk_embedding_upserting - INFO - 🧠 Memory usage: 1105.3 MB
2025-10-19 00:17:00 - ingestion.chunk_embedding_upserting - INFO -    📄 Loaded 10 chunks from how_to_survive_your_house_being_swallowed_by_a_sinkhole_20251019_001635.json
2025-10-19 00:17:00 - ingestion.chunk_embedding_upserting - INFO -    📊 10 chunks loaded from file
2025-10-19 00:17:00 - httpx - INFO - HTTP Request: POST http://127.0.0.1:8757/api/logs/ "HTTP/1.1 201 Created"
2025-10-19 00:17:00 - ingestion.chunk_embedding_upserting - INFO -    🔄 Batch 1/1 (10 chunks)...
2025-10-19 00:17:00 - ingestion.chunk_embedding_upserting - INFO - 🔢 Generating embeddings for 10 chunks...
2025-10-19 00:17:03 - ingestion.chunk_embedding_upserting - INFO - ✅ Generated 10 embeddings
2025-10-19 00:17:04 - httpx - INFO - HTTP Request: PUT https://5ef7d200-3b5c-4874-8f95-e621d3d5d429.eu-central-1-0.aws.cloud.qdrant.io:6333/collections/survival_strategies/points?wait=true "HTTP/1.1 200 OK"
2025-10-19 00:17:04 - ingestion.chunk_embedding_upserting - INFO -    ✅ Batch 1 upserted successfully
2025-10-19 00:17:04 - prefect.task_runs - INFO - Finished in state Completed()
2025-10-19 00:17:04 - ingestion.chunk_embedding_upserting - INFO - ✅ how_to_survive_your_house_being_swallowed_by_a_sinkhole_20251019_001635.json: 10/10 chunks upserted
2025-10-19 00:17:04 - ingestion.chunk_embedding_upserting - INFO - 🧠 Memory usage: 1105.3 MB
2025-10-19 00:17:04 - ingestion.chunk_embedding_upserting - INFO - 
📄 [8/104] Processing earthquake_size_comparison_20251019_001635.json...
2025-10-19 00:17:04 - ingestion.chunk_embedding_upserting - INFO - 🧠 Memory usage: 1105.3 MB
2025-10-19 00:17:04 - ingestion.chunk_embedding_upserting - INFO -    📄 Loaded 7 chunks from earthquake_size_comparison_20251019_001635.json
2025-10-19 00:17:04 - ingestion.chunk_embedding_upserting - INFO -    📊 7 chunks loaded from file
2025-10-19 00:17:04 - ingestion.chunk_embedding_upserting - INFO -    🔄 Batch 1/1 (7 chunks)...
2025-10-19 00:17:04 - ingestion.chunk_embedding_upserting - INFO - 🔢 Generating embeddings for 7 chunks...
2025-10-19 00:17:04 - httpx - INFO - HTTP Request: POST http://127.0.0.1:8757/api/logs/ "HTTP/1.1 201 Created"
2025-10-19 00:17:07 - ingestion.chunk_embedding_upserting - INFO - ✅ Generated 7 embeddings
2025-10-19 00:17:08 - httpx - INFO - HTTP Request: PUT https://5ef7d200-3b5c-4874-8f95-e621d3d5d429.eu-central-1-0.aws.cloud.qdrant.io:6333/collections/survival_strategies/points?wait=true "HTTP/1.1 200 OK"
2025-10-19 00:17:08 - ingestion.chunk_embedding_upserting - INFO -    ✅ Batch 1 upserted successfully
2025-10-19 00:17:08 - prefect.task_runs - INFO - Finished in state Completed()
2025-10-19 00:17:08 - ingestion.chunk_embedding_upserting - INFO - ✅ earthquake_size_comparison_20251019_001635.json: 7/7 chunks upserted
2025-10-19 00:17:09 - ingestion.chunk_embedding_upserting - INFO - 🧠 Memory usage: 1105.3 MB
2025-10-19 00:17:09 - ingestion.chunk_embedding_upserting - INFO - 
📄 [9/104] Processing how_to_survive_being_sucked_into_a_whirlpool_20251019_001635.json...
2025-10-19 00:17:09 - ingestion.chunk_embedding_upserting - INFO - 🧠 Memory usage: 1105.3 MB
2025-10-19 00:17:09 - ingestion.chunk_embedding_upserting - INFO -    📄 Loaded 6 chunks from how_to_survive_being_sucked_into_a_whirlpool_20251019_001635.json
2025-10-19 00:17:09 - ingestion.chunk_embedding_upserting - INFO -    📊 6 chunks loaded from file
2025-10-19 00:17:09 - ingestion.chunk_embedding_upserting - INFO -    🔄 Batch 1/1 (6 chunks)...
2025-10-19 00:17:09 - ingestion.chunk_embedding_upserting - INFO - 🔢 Generating embeddings for 6 chunks...
2025-10-19 00:17:11 - httpx - INFO - HTTP Request: POST http://127.0.0.1:8757/api/logs/ "HTTP/1.1 201 Created"
2025-10-19 00:17:11 - ingestion.chunk_embedding_upserting - INFO - ✅ Generated 6 embeddings
2025-10-19 00:17:12 - httpx - INFO - HTTP Request: PUT https://5ef7d200-3b5c-4874-8f95-e621d3d5d429.eu-central-1-0.aws.cloud.qdrant.io:6333/collections/survival_strategies/points?wait=true "HTTP/1.1 200 OK"
2025-10-19 00:17:12 - ingestion.chunk_embedding_upserting - INFO -    ✅ Batch 1 upserted successfully
2025-10-19 00:17:12 - prefect.task_runs - INFO - Finished in state Completed()
2025-10-19 00:17:12 - ingestion.chunk_embedding_upserting - INFO - ✅ how_to_survive_being_sucked_into_a_whirlpool_20251019_001635.json: 6/6 chunks upserted
2025-10-19 00:17:12 - ingestion.chunk_embedding_upserting - INFO - 🧠 Memory usage: 1105.3 MB
2025-10-19 00:17:12 - ingestion.chunk_embedding_upserting - INFO - 
📄 [10/104] Processing how_to_survive_the_toxic_desert_20251019_001635.json...
2025-10-19 00:17:12 - ingestion.chunk_embedding_upserting - INFO - 🧠 Memory usage: 1105.3 MB
2025-10-19 00:17:12 - ingestion.chunk_embedding_upserting - INFO -    📄 Loaded 5 chunks from how_to_survive_the_toxic_desert_20251019_001635.json
2025-10-19 00:17:12 - ingestion.chunk_embedding_upserting - INFO -    📊 5 chunks loaded from file
2025-10-19 00:17:12 - ingestion.chunk_embedding_upserting - INFO -    🔄 Batch 1/1 (5 chunks)...
2025-10-19 00:17:12 - ingestion.chunk_embedding_upserting - INFO - 🔢 Generating embeddings for 5 chunks...
2025-10-19 00:17:13 - httpx - INFO - HTTP Request: POST http://127.0.0.1:8757/api/logs/ "HTTP/1.1 201 Created"
2025-10-19 00:17:14 - ingestion.chunk_embedding_upserting - INFO - ✅ Generated 5 embeddings
2025-10-19 00:17:14 - httpx - INFO - HTTP Request: PUT https://5ef7d200-3b5c-4874-8f95-e621d3d5d429.eu-central-1-0.aws.cloud.qdrant.io:6333/collections/survival_strategies/points?wait=true "HTTP/1.1 200 OK"
2025-10-19 00:17:14 - ingestion.chunk_embedding_upserting - INFO -    ✅ Batch 1 upserted successfully
2025-10-19 00:17:15 - prefect.task_runs - INFO - Finished in state Completed()
2025-10-19 00:17:15 - ingestion.chunk_embedding_upserting - INFO - ✅ how_to_survive_the_toxic_desert_20251019_001635.json: 5/5 chunks upserted
2025-10-19 00:17:15 - ingestion.chunk_embedding_upserting - INFO - 🧠 Memory usage: 1105.3 MB
2025-10-19 00:17:15 - ingestion.chunk_embedding_upserting - INFO - 
📄 [11/104] Processing never_visit_these_abandoned_places_20251019_001635.json...
2025-10-19 00:17:15 - ingestion.chunk_embedding_upserting - INFO - 🧠 Memory usage: 1105.3 MB
2025-10-19 00:17:15 - ingestion.chunk_embedding_upserting - INFO -    📄 Loaded 6 chunks from never_visit_these_abandoned_places_20251019_001635.json
2025-10-19 00:17:15 - ingestion.chunk_embedding_upserting - INFO -    📊 6 chunks loaded from file
2025-10-19 00:17:15 - ingestion.chunk_embedding_upserting - INFO -    🔄 Batch 1/1 (6 chunks)...
2025-10-19 00:17:15 - ingestion.chunk_embedding_upserting - INFO - 🔢 Generating embeddings for 6 chunks...
2025-10-19 00:17:17 - httpx - INFO - HTTP Request: POST http://127.0.0.1:8757/api/logs/ "HTTP/1.1 201 Created"
2025-10-19 00:17:18 - ingestion.chunk_embedding_upserting - INFO - ✅ Generated 6 embeddings
2025-10-19 00:17:19 - httpx - INFO - HTTP Request: PUT https://5ef7d200-3b5c-4874-8f95-e621d3d5d429.eu-central-1-0.aws.cloud.qdrant.io:6333/collections/survival_strategies/points?wait=true "HTTP/1.1 200 OK"
2025-10-19 00:17:19 - ingestion.chunk_embedding_upserting - INFO -    ✅ Batch 1 upserted successfully
2025-10-19 00:17:19 - prefect.task_runs - INFO - Finished in state Completed()
2025-10-19 00:17:19 - ingestion.chunk_embedding_upserting - INFO - ✅ never_visit_these_abandoned_places_20251019_001635.json: 6/6 chunks upserted
2025-10-19 00:17:20 - ingestion.chunk_embedding_upserting - INFO - 🧠 Memory usage: 1105.3 MB
2025-10-19 00:17:20 - ingestion.chunk_embedding_upserting - INFO - 
📄 [12/104] Processing how_to_survive_the_top_5_deadliest_foods_20251019_001635.json...
2025-10-19 00:17:20 - ingestion.chunk_embedding_upserting - INFO - 🧠 Memory usage: 1105.3 MB
2025-10-19 00:17:20 - ingestion.chunk_embedding_upserting - INFO -    📄 Loaded 6 chunks from how_to_survive_the_top_5_deadliest_foods_20251019_001635.json
2025-10-19 00:17:20 - ingestion.chunk_embedding_upserting - INFO -    📊 6 chunks loaded from file
2025-10-19 00:17:20 - ingestion.chunk_embedding_upserting - INFO -    🔄 Batch 1/1 (6 chunks)...
2025-10-19 00:17:20 - ingestion.chunk_embedding_upserting - INFO - 🔢 Generating embeddings for 6 chunks...
2025-10-19 00:17:21 - httpx - INFO - HTTP Request: POST http://127.0.0.1:8757/api/logs/ "HTTP/1.1 201 Created"
2025-10-19 00:17:21 - ingestion.chunk_embedding_upserting - INFO - ✅ Generated 6 embeddings
2025-10-19 00:17:22 - httpx - INFO - HTTP Request: PUT https://5ef7d200-3b5c-4874-8f95-e621d3d5d429.eu-central-1-0.aws.cloud.qdrant.io:6333/collections/survival_strategies/points?wait=true "HTTP/1.1 200 OK"
2025-10-19 00:17:22 - ingestion.chunk_embedding_upserting - INFO -    ✅ Batch 1 upserted successfully
2025-10-19 00:17:22 - prefect.task_runs - INFO - Finished in state Completed()
2025-10-19 00:17:22 - ingestion.chunk_embedding_upserting - INFO - ✅ how_to_survive_the_top_5_deadliest_foods_20251019_001635.json: 6/6 chunks upserted
2025-10-19 00:17:22 - ingestion.chunk_embedding_upserting - INFO - 🧠 Memory usage: 1105.5 MB
2025-10-19 00:17:22 - ingestion.chunk_embedding_upserting - INFO - 
📄 [13/104] Processing how_to_survive_falling_into_the_door_to_hell_20251019_001635.json...
2025-10-19 00:17:22 - ingestion.chunk_embedding_upserting - INFO - 🧠 Memory usage: 1105.5 MB
2025-10-19 00:17:22 - ingestion.chunk_embedding_upserting - INFO -    📄 Loaded 7 chunks from how_to_survive_falling_into_the_door_to_hell_20251019_001635.json
2025-10-19 00:17:22 - ingestion.chunk_embedding_upserting - INFO -    📊 7 chunks loaded from file
2025-10-19 00:17:22 - ingestion.chunk_embedding_upserting - INFO -    🔄 Batch 1/1 (7 chunks)...
2025-10-19 00:17:22 - ingestion.chunk_embedding_upserting - INFO - 🔢 Generating embeddings for 7 chunks...
2025-10-19 00:17:23 - httpx - INFO - HTTP Request: POST http://127.0.0.1:8757/api/logs/ "HTTP/1.1 201 Created"
2025-10-19 00:17:24 - ingestion.chunk_embedding_upserting - INFO - ✅ Generated 7 embeddings
2025-10-19 00:17:25 - httpx - INFO - HTTP Request: PUT https://5ef7d200-3b5c-4874-8f95-e621d3d5d429.eu-central-1-0.aws.cloud.qdrant.io:6333/collections/survival_strategies/points?wait=true "HTTP/1.1 200 OK"
2025-10-19 00:17:25 - ingestion.chunk_embedding_upserting - INFO -    ✅ Batch 1 upserted successfully
2025-10-19 00:17:25 - prefect.task_runs - INFO - Finished in state Completed()
2025-10-19 00:17:25 - ingestion.chunk_embedding_upserting - INFO - ✅ how_to_survive_falling_into_the_door_to_hell_20251019_001635.json: 7/7 chunks upserted
2025-10-19 00:17:25 - ingestion.chunk_embedding_upserting - INFO - 🧠 Memory usage: 1105.8 MB
2025-10-19 00:17:25 - ingestion.chunk_embedding_upserting - INFO - 
📄 [14/104] Processing how_to_survive_a_meteor_strike_according_to_science_20251019_001635.json...
2025-10-19 00:17:25 - ingestion.chunk_embedding_upserting - INFO - 🧠 Memory usage: 1105.8 MB
2025-10-19 00:17:25 - ingestion.chunk_embedding_upserting - INFO -    📄 Loaded 1 chunks from how_to_survive_a_meteor_strike_according_to_science_20251019_001635.json
2025-10-19 00:17:25 - ingestion.chunk_embedding_upserting - INFO -    📊 1 chunks loaded from file
2025-10-19 00:17:25 - ingestion.chunk_embedding_upserting - INFO -    🔄 Batch 1/1 (1 chunks)...
2025-10-19 00:17:25 - ingestion.chunk_embedding_upserting - INFO - 🔢 Generating embeddings for 1 chunks...
2025-10-19 00:17:26 - ingestion.chunk_embedding_upserting - INFO - ✅ Generated 1 embeddings
2025-10-19 00:17:26 - httpx - INFO - HTTP Request: PUT https://5ef7d200-3b5c-4874-8f95-e621d3d5d429.eu-central-1-0.aws.cloud.qdrant.io:6333/collections/survival_strategies/points?wait=true "HTTP/1.1 200 OK"
2025-10-19 00:17:26 - ingestion.chunk_embedding_upserting - INFO -    ✅ Batch 1 upserted successfully
2025-10-19 00:17:26 - prefect.task_runs - INFO - Finished in state Completed()
2025-10-19 00:17:26 - ingestion.chunk_embedding_upserting - INFO - ✅ how_to_survive_a_meteor_strike_according_to_science_20251019_001635.json: 1/1 chunks upserted
2025-10-19 00:17:26 - ingestion.chunk_embedding_upserting - INFO - 🧠 Memory usage: 1105.8 MB
2025-10-19 00:17:26 - ingestion.chunk_embedding_upserting - INFO - 
📄 [15/104] Processing how_to_survive_the_biggest_wave_20251019_001635.json...
2025-10-19 00:17:26 - ingestion.chunk_embedding_upserting - INFO - 🧠 Memory usage: 1105.8 MB
2025-10-19 00:17:26 - ingestion.chunk_embedding_upserting - INFO -    📄 Loaded 7 chunks from how_to_survive_the_biggest_wave_20251019_001635.json
2025-10-19 00:17:26 - ingestion.chunk_embedding_upserting - INFO -    📊 7 chunks loaded from file
2025-10-19 00:17:26 - ingestion.chunk_embedding_upserting - INFO -    🔄 Batch 1/1 (7 chunks)...
2025-10-19 00:17:26 - ingestion.chunk_embedding_upserting - INFO - 🔢 Generating embeddings for 7 chunks...
2025-10-19 00:17:27 - httpx - INFO - HTTP Request: POST http://127.0.0.1:8757/api/logs/ "HTTP/1.1 201 Created"
2025-10-19 00:17:28 - ingestion.chunk_embedding_upserting - INFO - ✅ Generated 7 embeddings
2025-10-19 00:17:28 - httpx - INFO - HTTP Request: PUT https://5ef7d200-3b5c-4874-8f95-e621d3d5d429.eu-central-1-0.aws.cloud.qdrant.io:6333/collections/survival_strategies/points?wait=true "HTTP/1.1 200 OK"
2025-10-19 00:17:28 - ingestion.chunk_embedding_upserting - INFO -    ✅ Batch 1 upserted successfully
2025-10-19 00:17:29 - prefect.task_runs - INFO - Finished in state Completed()
2025-10-19 00:17:29 - ingestion.chunk_embedding_upserting - INFO - ✅ how_to_survive_the_biggest_wave_20251019_001635.json: 7/7 chunks upserted
2025-10-19 00:17:29 - ingestion.chunk_embedding_upserting - INFO - 🧠 Memory usage: 1105.8 MB
2025-10-19 00:17:29 - ingestion.chunk_embedding_upserting - INFO - 
📄 [16/104] Processing how_to_survive_being_lost_in_the_andes_mountains_20251019_001635.json...
2025-10-19 00:17:29 - ingestion.chunk_embedding_upserting - INFO - 🧠 Memory usage: 1105.8 MB
2025-10-19 00:17:29 - ingestion.chunk_embedding_upserting - INFO -    📄 Loaded 8 chunks from how_to_survive_being_lost_in_the_andes_mountains_20251019_001635.json
2025-10-19 00:17:29 - ingestion.chunk_embedding_upserting - INFO -    📊 8 chunks loaded from file
2025-10-19 00:17:29 - ingestion.chunk_embedding_upserting - INFO -    🔄 Batch 1/1 (8 chunks)...
2025-10-19 00:17:29 - ingestion.chunk_embedding_upserting - INFO - 🔢 Generating embeddings for 8 chunks...
2025-10-19 00:17:29 - httpx - INFO - HTTP Request: POST http://127.0.0.1:8757/api/logs/ "HTTP/1.1 201 Created"
2025-10-19 00:17:31 - ingestion.chunk_embedding_upserting - INFO - ✅ Generated 8 embeddings
2025-10-19 00:17:32 - httpx - INFO - HTTP Request: PUT https://5ef7d200-3b5c-4874-8f95-e621d3d5d429.eu-central-1-0.aws.cloud.qdrant.io:6333/collections/survival_strategies/points?wait=true "HTTP/1.1 200 OK"
2025-10-19 00:17:32 - ingestion.chunk_embedding_upserting - INFO -    ✅ Batch 1 upserted successfully
2025-10-19 00:17:32 - prefect.task_runs - INFO - Finished in state Completed()
2025-10-19 00:17:32 - ingestion.chunk_embedding_upserting - INFO - ✅ how_to_survive_being_lost_in_the_andes_mountains_20251019_001635.json: 8/8 chunks upserted
2025-10-19 00:17:32 - ingestion.chunk_embedding_upserting - INFO - 🧠 Memory usage: 1106.3 MB
2025-10-19 00:17:32 - ingestion.chunk_embedding_upserting - INFO - 
📄 [17/104] Processing the_deadliest_tsunamis_in_human_history_20251019_001635.json...
2025-10-19 00:17:32 - ingestion.chunk_embedding_upserting - INFO - 🧠 Memory usage: 1106.3 MB
2025-10-19 00:17:32 - ingestion.chunk_embedding_upserting - INFO -    📄 Loaded 6 chunks from the_deadliest_tsunamis_in_human_history_20251019_001635.json
2025-10-19 00:17:32 - ingestion.chunk_embedding_upserting - INFO -    📊 6 chunks loaded from file
2025-10-19 00:17:32 - ingestion.chunk_embedding_upserting - INFO -    🔄 Batch 1/1 (6 chunks)...
2025-10-19 00:17:32 - ingestion.chunk_embedding_upserting - INFO - 🔢 Generating embeddings for 6 chunks...
2025-10-19 00:17:33 - httpx - INFO - HTTP Request: POST http://127.0.0.1:8757/api/logs/ "HTTP/1.1 201 Created"
2025-10-19 00:17:36 - ingestion.chunk_embedding_upserting - INFO - ✅ Generated 6 embeddings
2025-10-19 00:17:37 - httpx - INFO - HTTP Request: PUT https://5ef7d200-3b5c-4874-8f95-e621d3d5d429.eu-central-1-0.aws.cloud.qdrant.io:6333/collections/survival_strategies/points?wait=true "HTTP/1.1 200 OK"
2025-10-19 00:17:37 - ingestion.chunk_embedding_upserting - INFO -    ✅ Batch 1 upserted successfully
2025-10-19 00:17:37 - prefect.task_runs - INFO - Finished in state Completed()
2025-10-19 00:17:37 - ingestion.chunk_embedding_upserting - INFO - ✅ the_deadliest_tsunamis_in_human_history_20251019_001635.json: 6/6 chunks upserted
2025-10-19 00:17:37 - ingestion.chunk_embedding_upserting - INFO - 🧠 Memory usage: 1106.8 MB
2025-10-19 00:17:37 - ingestion.chunk_embedding_upserting - INFO - 
📄 [18/104] Processing how_to_survive_the_worlds_deadliest_quicksand_pits_20251019_001635.json...
2025-10-19 00:17:37 - ingestion.chunk_embedding_upserting - INFO - 🧠 Memory usage: 1106.8 MB
2025-10-19 00:17:37 - ingestion.chunk_embedding_upserting - INFO -    📄 Loaded 6 chunks from how_to_survive_the_worlds_deadliest_quicksand_pits_20251019_001635.json
2025-10-19 00:17:37 - ingestion.chunk_embedding_upserting - INFO -    📊 6 chunks loaded from file
2025-10-19 00:17:37 - ingestion.chunk_embedding_upserting - INFO -    🔄 Batch 1/1 (6 chunks)...
2025-10-19 00:17:37 - ingestion.chunk_embedding_upserting - INFO - 🔢 Generating embeddings for 6 chunks...
2025-10-19 00:17:37 - httpx - INFO - HTTP Request: POST http://127.0.0.1:8757/api/logs/ "HTTP/1.1 201 Created"
2025-10-19 00:17:38 - ingestion.chunk_embedding_upserting - INFO - ✅ Generated 6 embeddings
2025-10-19 00:17:39 - httpx - INFO - HTTP Request: PUT https://5ef7d200-3b5c-4874-8f95-e621d3d5d429.eu-central-1-0.aws.cloud.qdrant.io:6333/collections/survival_strategies/points?wait=true "HTTP/1.1 200 OK"
2025-10-19 00:17:39 - ingestion.chunk_embedding_upserting - INFO -    ✅ Batch 1 upserted successfully
2025-10-19 00:17:39 - prefect.task_runs - INFO - Finished in state Completed()
2025-10-19 00:17:39 - ingestion.chunk_embedding_upserting - INFO - ✅ how_to_survive_the_worlds_deadliest_quicksand_pits_20251019_001635.json: 6/6 chunks upserted
2025-10-19 00:17:39 - ingestion.chunk_embedding_upserting - INFO - 🧠 Memory usage: 1106.8 MB
2025-10-19 00:17:39 - ingestion.chunk_embedding_upserting - INFO - 
📄 [19/104] Processing the_black_market_of_butt_injections_20251019_001635.json...
2025-10-19 00:17:39 - ingestion.chunk_embedding_upserting - INFO - 🧠 Memory usage: 1106.8 MB
2025-10-19 00:17:39 - ingestion.chunk_embedding_upserting - INFO -    📄 Loaded 6 chunks from the_black_market_of_butt_injections_20251019_001635.json
2025-10-19 00:17:39 - ingestion.chunk_embedding_upserting - INFO -    📊 6 chunks loaded from file
2025-10-19 00:17:40 - ingestion.chunk_embedding_upserting - INFO -    🔄 Batch 1/1 (6 chunks)...
2025-10-19 00:17:40 - ingestion.chunk_embedding_upserting - INFO - 🔢 Generating embeddings for 6 chunks...
2025-10-19 00:17:41 - ingestion.chunk_embedding_upserting - INFO - ✅ Generated 6 embeddings
2025-10-19 00:17:41 - httpx - INFO - HTTP Request: POST http://127.0.0.1:8757/api/logs/ "HTTP/1.1 201 Created"
2025-10-19 00:17:42 - httpx - INFO - HTTP Request: PUT https://5ef7d200-3b5c-4874-8f95-e621d3d5d429.eu-central-1-0.aws.cloud.qdrant.io:6333/collections/survival_strategies/points?wait=true "HTTP/1.1 200 OK"
2025-10-19 00:17:42 - ingestion.chunk_embedding_upserting - INFO -    ✅ Batch 1 upserted successfully
2025-10-19 00:17:42 - prefect.task_runs - INFO - Finished in state Completed()
2025-10-19 00:17:42 - ingestion.chunk_embedding_upserting - INFO - ✅ the_black_market_of_butt_injections_20251019_001635.json: 6/6 chunks upserted
2025-10-19 00:17:42 - ingestion.chunk_embedding_upserting - INFO - 🧠 Memory usage: 1106.8 MB
2025-10-19 00:17:42 - ingestion.chunk_embedding_upserting - INFO - 
📄 [20/104] Processing how_to_survive_a_collapsing_building_20251019_001635.json...
2025-10-19 00:17:42 - ingestion.chunk_embedding_upserting - INFO - 🧠 Memory usage: 1106.8 MB
2025-10-19 00:17:42 - ingestion.chunk_embedding_upserting - INFO -    📄 Loaded 6 chunks from how_to_survive_a_collapsing_building_20251019_001635.json
2025-10-19 00:17:42 - ingestion.chunk_embedding_upserting - INFO -    📊 6 chunks loaded from file
2025-10-19 00:17:42 - ingestion.chunk_embedding_upserting - INFO -    🔄 Batch 1/1 (6 chunks)...
2025-10-19 00:17:42 - ingestion.chunk_embedding_upserting - INFO - 🔢 Generating embeddings for 6 chunks...
2025-10-19 00:17:43 - httpx - INFO - HTTP Request: POST http://127.0.0.1:8757/api/logs/ "HTTP/1.1 201 Created"
2025-10-19 00:17:44 - ingestion.chunk_embedding_upserting - INFO - ✅ Generated 6 embeddings
2025-10-19 00:17:44 - httpx - INFO - HTTP Request: PUT https://5ef7d200-3b5c-4874-8f95-e621d3d5d429.eu-central-1-0.aws.cloud.qdrant.io:6333/collections/survival_strategies/points?wait=true "HTTP/1.1 200 OK"
2025-10-19 00:17:44 - ingestion.chunk_embedding_upserting - INFO -    ✅ Batch 1 upserted successfully
2025-10-19 00:17:44 - prefect.task_runs - INFO - Finished in state Completed()
2025-10-19 00:17:44 - ingestion.chunk_embedding_upserting - INFO - ✅ how_to_survive_a_collapsing_building_20251019_001635.json: 6/6 chunks upserted
2025-10-19 00:17:45 - ingestion.chunk_embedding_upserting - INFO - 🧠 Memory usage: 1106.8 MB
2025-10-19 00:17:45 - ingestion.chunk_embedding_upserting - INFO - 
📄 [21/104] Processing how_to_survive_a_bullet_wound_20251019_001635.json...
2025-10-19 00:17:45 - ingestion.chunk_embedding_upserting - INFO - 🧠 Memory usage: 1106.8 MB
2025-10-19 00:17:45 - ingestion.chunk_embedding_upserting - INFO -    📄 Loaded 8 chunks from how_to_survive_a_bullet_wound_20251019_001635.json
2025-10-19 00:17:45 - ingestion.chunk_embedding_upserting - INFO -    📊 8 chunks loaded from file
2025-10-19 00:17:45 - ingestion.chunk_embedding_upserting - INFO -    🔄 Batch 1/1 (8 chunks)...
2025-10-19 00:17:45 - ingestion.chunk_embedding_upserting - INFO - 🔢 Generating embeddings for 8 chunks...
2025-10-19 00:17:45 - httpx - INFO - HTTP Request: POST http://127.0.0.1:8757/api/logs/ "HTTP/1.1 201 Created"
2025-10-19 00:17:49 - ingestion.chunk_embedding_upserting - INFO - ✅ Generated 8 embeddings
2025-10-19 00:17:50 - httpx - INFO - HTTP Request: PUT https://5ef7d200-3b5c-4874-8f95-e621d3d5d429.eu-central-1-0.aws.cloud.qdrant.io:6333/collections/survival_strategies/points?wait=true "HTTP/1.1 200 OK"
2025-10-19 00:17:50 - ingestion.chunk_embedding_upserting - INFO -    ✅ Batch 1 upserted successfully
2025-10-19 00:17:50 - prefect.task_runs - INFO - Finished in state Completed()
2025-10-19 00:17:50 - ingestion.chunk_embedding_upserting - INFO - ✅ how_to_survive_a_bullet_wound_20251019_001635.json: 8/8 chunks upserted
2025-10-19 00:17:50 - ingestion.chunk_embedding_upserting - INFO - 🧠 Memory usage: 1108.8 MB
2025-10-19 00:17:50 - ingestion.chunk_embedding_upserting - INFO - 
📄 [22/104] Processing how_to_survive_falling_into_a_pool_of_liquid_nitrogen_20251019_001635.json...
2025-10-19 00:17:50 - ingestion.chunk_embedding_upserting - INFO - 🧠 Memory usage: 1108.8 MB
2025-10-19 00:17:50 - ingestion.chunk_embedding_upserting - INFO -    📄 Loaded 7 chunks from how_to_survive_falling_into_a_pool_of_liquid_nitrogen_20251019_001635.json
2025-10-19 00:17:50 - ingestion.chunk_embedding_upserting - INFO -    📊 7 chunks loaded from file
2025-10-19 00:17:50 - ingestion.chunk_embedding_upserting - INFO -    🔄 Batch 1/1 (7 chunks)...
2025-10-19 00:17:50 - ingestion.chunk_embedding_upserting - INFO - 🔢 Generating embeddings for 7 chunks...
2025-10-19 00:17:51 - httpx - INFO - HTTP Request: POST http://127.0.0.1:8757/api/logs/ "HTTP/1.1 201 Created"
2025-10-19 00:17:52 - ingestion.chunk_embedding_upserting - INFO - ✅ Generated 7 embeddings
2025-10-19 00:17:52 - httpx - INFO - HTTP Request: PUT https://5ef7d200-3b5c-4874-8f95-e621d3d5d429.eu-central-1-0.aws.cloud.qdrant.io:6333/collections/survival_strategies/points?wait=true "HTTP/1.1 200 OK"
2025-10-19 00:17:52 - ingestion.chunk_embedding_upserting - INFO -    ✅ Batch 1 upserted successfully
2025-10-19 00:17:53 - prefect.task_runs - INFO - Finished in state Completed()
2025-10-19 00:17:53 - ingestion.chunk_embedding_upserting - INFO - ✅ how_to_survive_falling_into_a_pool_of_liquid_nitrogen_20251019_001635.json: 7/7 chunks upserted
2025-10-19 00:17:53 - ingestion.chunk_embedding_upserting - INFO - 🧠 Memory usage: 1108.8 MB
2025-10-19 00:17:53 - ingestion.chunk_embedding_upserting - INFO - 
📄 [23/104] Processing how_long_could_you_survive_mpox_monkeypox_20251019_001635.json...
2025-10-19 00:17:53 - ingestion.chunk_embedding_upserting - INFO - 🧠 Memory usage: 1108.8 MB
2025-10-19 00:17:53 - ingestion.chunk_embedding_upserting - INFO -    📄 Loaded 2 chunks from how_long_could_you_survive_mpox_monkeypox_20251019_001635.json
2025-10-19 00:17:53 - ingestion.chunk_embedding_upserting - INFO -    📊 2 chunks loaded from file
2025-10-19 00:17:53 - ingestion.chunk_embedding_upserting - INFO -    🔄 Batch 1/1 (2 chunks)...
2025-10-19 00:17:53 - ingestion.chunk_embedding_upserting - INFO - 🔢 Generating embeddings for 2 chunks...
2025-10-19 00:17:53 - httpx - INFO - HTTP Request: POST http://127.0.0.1:8757/api/logs/ "HTTP/1.1 201 Created"
2025-10-19 00:17:54 - ingestion.chunk_embedding_upserting - INFO - ✅ Generated 2 embeddings
2025-10-19 00:17:55 - httpx - INFO - HTTP Request: PUT https://5ef7d200-3b5c-4874-8f95-e621d3d5d429.eu-central-1-0.aws.cloud.qdrant.io:6333/collections/survival_strategies/points?wait=true "HTTP/1.1 200 OK"
2025-10-19 00:17:55 - ingestion.chunk_embedding_upserting - INFO -    ✅ Batch 1 upserted successfully
2025-10-19 00:17:55 - prefect.task_runs - INFO - Finished in state Completed()
2025-10-19 00:17:55 - ingestion.chunk_embedding_upserting - INFO - ✅ how_long_could_you_survive_mpox_monkeypox_20251019_001635.json: 2/2 chunks upserted
2025-10-19 00:17:55 - ingestion.chunk_embedding_upserting - INFO - 🧠 Memory usage: 1109.9 MB
2025-10-19 00:17:55 - ingestion.chunk_embedding_upserting - INFO - 
📄 [24/104] Processing how_to_survive_birth_20251019_001635.json...
2025-10-19 00:17:55 - ingestion.chunk_embedding_upserting - INFO - 🧠 Memory usage: 1109.9 MB
2025-10-19 00:17:55 - ingestion.chunk_embedding_upserting - INFO -    📄 Loaded 7 chunks from how_to_survive_birth_20251019_001635.json
2025-10-19 00:17:55 - ingestion.chunk_embedding_upserting - INFO -    📊 7 chunks loaded from file
2025-10-19 00:17:55 - ingestion.chunk_embedding_upserting - INFO -    🔄 Batch 1/1 (7 chunks)...
2025-10-19 00:17:55 - ingestion.chunk_embedding_upserting - INFO - 🔢 Generating embeddings for 7 chunks...
2025-10-19 00:17:55 - httpx - INFO - HTTP Request: POST http://127.0.0.1:8757/api/logs/ "HTTP/1.1 201 Created"
2025-10-19 00:17:56 - ingestion.chunk_embedding_upserting - INFO - ✅ Generated 7 embeddings
2025-10-19 00:17:57 - httpx - INFO - HTTP Request: PUT https://5ef7d200-3b5c-4874-8f95-e621d3d5d429.eu-central-1-0.aws.cloud.qdrant.io:6333/collections/survival_strategies/points?wait=true "HTTP/1.1 200 OK"
2025-10-19 00:17:57 - ingestion.chunk_embedding_upserting - INFO -    ✅ Batch 1 upserted successfully
2025-10-19 00:17:57 - prefect.task_runs - INFO - Finished in state Completed()
2025-10-19 00:17:57 - ingestion.chunk_embedding_upserting - INFO - ✅ how_to_survive_birth_20251019_001635.json: 7/7 chunks upserted
2025-10-19 00:17:58 - ingestion.chunk_embedding_upserting - INFO - 🧠 Memory usage: 1109.9 MB
2025-10-19 00:17:58 - ingestion.chunk_embedding_upserting - INFO - 
📄 [25/104] Processing how_to_survive_a_cave_collapse_20251019_001635.json...
2025-10-19 00:17:58 - ingestion.chunk_embedding_upserting - INFO - 🧠 Memory usage: 1109.9 MB
2025-10-19 00:17:58 - ingestion.chunk_embedding_upserting - INFO -    📄 Loaded 6 chunks from how_to_survive_a_cave_collapse_20251019_001635.json
2025-10-19 00:17:58 - ingestion.chunk_embedding_upserting - INFO -    📊 6 chunks loaded from file
2025-10-19 00:17:58 - httpx - INFO - HTTP Request: POST http://127.0.0.1:8757/api/logs/ "HTTP/1.1 201 Created"
2025-10-19 00:17:58 - ingestion.chunk_embedding_upserting - INFO -    🔄 Batch 1/1 (6 chunks)...
2025-10-19 00:17:58 - ingestion.chunk_embedding_upserting - INFO - 🔢 Generating embeddings for 6 chunks...
2025-10-19 00:17:59 - ingestion.chunk_embedding_upserting - INFO - ✅ Generated 6 embeddings
2025-10-19 00:18:00 - httpx - INFO - HTTP Request: PUT https://5ef7d200-3b5c-4874-8f95-e621d3d5d429.eu-central-1-0.aws.cloud.qdrant.io:6333/collections/survival_strategies/points?wait=true "HTTP/1.1 200 OK"
2025-10-19 00:18:00 - ingestion.chunk_embedding_upserting - INFO -    ✅ Batch 1 upserted successfully
2025-10-19 00:18:00 - prefect.task_runs - INFO - Finished in state Completed()
2025-10-19 00:18:00 - ingestion.chunk_embedding_upserting - INFO - ✅ how_to_survive_a_cave_collapse_20251019_001635.json: 6/6 chunks upserted
2025-10-19 00:18:01 - ingestion.chunk_embedding_upserting - INFO - 🧠 Memory usage: 1109.9 MB
2025-10-19 00:18:01 - ingestion.chunk_embedding_upserting - INFO - 
📄 [26/104] Processing people_who_survived_falling_into_quicksand_20251019_001635.json...
2025-10-19 00:18:01 - ingestion.chunk_embedding_upserting - INFO - 🧠 Memory usage: 1109.9 MB
2025-10-19 00:18:01 - ingestion.chunk_embedding_upserting - INFO -    📄 Loaded 4 chunks from people_who_survived_falling_into_quicksand_20251019_001635.json
2025-10-19 00:18:01 - ingestion.chunk_embedding_upserting - INFO -    📊 4 chunks loaded from file
2025-10-19 00:18:01 - ingestion.chunk_embedding_upserting - INFO -    🔄 Batch 1/1 (4 chunks)...
2025-10-19 00:18:01 - ingestion.chunk_embedding_upserting - INFO - 🔢 Generating embeddings for 4 chunks...
2025-10-19 00:18:02 - httpx - INFO - HTTP Request: POST http://127.0.0.1:8757/api/logs/ "HTTP/1.1 201 Created"
2025-10-19 00:18:03 - ingestion.chunk_embedding_upserting - INFO - ✅ Generated 4 embeddings
2025-10-19 00:18:04 - httpx - INFO - HTTP Request: PUT https://5ef7d200-3b5c-4874-8f95-e621d3d5d429.eu-central-1-0.aws.cloud.qdrant.io:6333/collections/survival_strategies/points?wait=true "HTTP/1.1 200 OK"
2025-10-19 00:18:04 - ingestion.chunk_embedding_upserting - INFO -    ✅ Batch 1 upserted successfully
2025-10-19 00:18:04 - prefect.task_runs - INFO - Finished in state Completed()
2025-10-19 00:18:04 - ingestion.chunk_embedding_upserting - INFO - ✅ people_who_survived_falling_into_quicksand_20251019_001635.json: 4/4 chunks upserted
2025-10-19 00:18:04 - ingestion.chunk_embedding_upserting - INFO - 🧠 Memory usage: 1109.9 MB
2025-10-19 00:18:04 - ingestion.chunk_embedding_upserting - INFO - 
📄 [27/104] Processing how_to_survive_hypothermia_20251019_001635.json...
2025-10-19 00:18:04 - ingestion.chunk_embedding_upserting - INFO - 🧠 Memory usage: 1109.9 MB
2025-10-19 00:18:04 - ingestion.chunk_embedding_upserting - INFO -    📄 Loaded 6 chunks from how_to_survive_hypothermia_20251019_001635.json
2025-10-19 00:18:04 - ingestion.chunk_embedding_upserting - INFO -    📊 6 chunks loaded from file
2025-10-19 00:18:04 - ingestion.chunk_embedding_upserting - INFO -    🔄 Batch 1/1 (6 chunks)...
2025-10-19 00:18:04 - ingestion.chunk_embedding_upserting - INFO - 🔢 Generating embeddings for 6 chunks...
2025-10-19 00:18:06 - ingestion.chunk_embedding_upserting - INFO - ✅ Generated 6 embeddings
2025-10-19 00:18:06 - httpx - INFO - HTTP Request: POST http://127.0.0.1:8757/api/logs/ "HTTP/1.1 201 Created"
2025-10-19 00:18:07 - httpx - INFO - HTTP Request: PUT https://5ef7d200-3b5c-4874-8f95-e621d3d5d429.eu-central-1-0.aws.cloud.qdrant.io:6333/collections/survival_strategies/points?wait=true "HTTP/1.1 200 OK"
2025-10-19 00:18:07 - ingestion.chunk_embedding_upserting - INFO -    ✅ Batch 1 upserted successfully
2025-10-19 00:18:07 - prefect.task_runs - INFO - Finished in state Completed()
2025-10-19 00:18:07 - ingestion.chunk_embedding_upserting - INFO - ✅ how_to_survive_hypothermia_20251019_001635.json: 6/6 chunks upserted
2025-10-19 00:18:07 - ingestion.chunk_embedding_upserting - INFO - 🧠 Memory usage: 1109.9 MB
2025-10-19 00:18:07 - ingestion.chunk_embedding_upserting - INFO - 
📄 [28/104] Processing how_to_survive_eating_bad_sushi_20251019_001635.json...
2025-10-19 00:18:07 - ingestion.chunk_embedding_upserting - INFO - 🧠 Memory usage: 1109.9 MB
2025-10-19 00:18:07 - ingestion.chunk_embedding_upserting - INFO -    📄 Loaded 7 chunks from how_to_survive_eating_bad_sushi_20251019_001635.json
2025-10-19 00:18:07 - ingestion.chunk_embedding_upserting - INFO -    📊 7 chunks loaded from file
2025-10-19 00:18:07 - ingestion.chunk_embedding_upserting - INFO -    🔄 Batch 1/1 (7 chunks)...
2025-10-19 00:18:07 - ingestion.chunk_embedding_upserting - INFO - 🔢 Generating embeddings for 7 chunks...
2025-10-19 00:18:08 - httpx - INFO - HTTP Request: POST http://127.0.0.1:8757/api/logs/ "HTTP/1.1 201 Created"
2025-10-19 00:18:11 - ingestion.chunk_embedding_upserting - INFO - ✅ Generated 7 embeddings
2025-10-19 00:18:11 - httpx - INFO - HTTP Request: PUT https://5ef7d200-3b5c-4874-8f95-e621d3d5d429.eu-central-1-0.aws.cloud.qdrant.io:6333/collections/survival_strategies/points?wait=true "HTTP/1.1 200 OK"
2025-10-19 00:18:11 - ingestion.chunk_embedding_upserting - INFO -    ✅ Batch 1 upserted successfully
2025-10-19 00:18:12 - prefect.task_runs - INFO - Finished in state Completed()
2025-10-19 00:18:12 - ingestion.chunk_embedding_upserting - INFO - ✅ how_to_survive_eating_bad_sushi_20251019_001635.json: 7/7 chunks upserted
2025-10-19 00:18:12 - ingestion.chunk_embedding_upserting - INFO - 🧠 Memory usage: 1109.9 MB
2025-10-19 00:18:12 - ingestion.chunk_embedding_upserting - INFO - 
📄 [29/104] Processing how_to_survive_the_top_5_most_deadly_viruses_20251019_001635.json...
2025-10-19 00:18:12 - ingestion.chunk_embedding_upserting - INFO - 🧠 Memory usage: 1109.9 MB
2025-10-19 00:18:12 - ingestion.chunk_embedding_upserting - INFO -    📄 Loaded 6 chunks from how_to_survive_the_top_5_most_deadly_viruses_20251019_001635.json
2025-10-19 00:18:12 - ingestion.chunk_embedding_upserting - INFO -    📊 6 chunks loaded from file
2025-10-19 00:18:12 - ingestion.chunk_embedding_upserting - INFO -    🔄 Batch 1/1 (6 chunks)...
2025-10-19 00:18:12 - ingestion.chunk_embedding_upserting - INFO - 🔢 Generating embeddings for 6 chunks...
2025-10-19 00:18:12 - httpx - INFO - HTTP Request: POST http://127.0.0.1:8757/api/logs/ "HTTP/1.1 201 Created"
2025-10-19 00:18:13 - ingestion.chunk_embedding_upserting - INFO - ✅ Generated 6 embeddings
2025-10-19 00:18:14 - httpx - INFO - HTTP Request: PUT https://5ef7d200-3b5c-4874-8f95-e621d3d5d429.eu-central-1-0.aws.cloud.qdrant.io:6333/collections/survival_strategies/points?wait=true "HTTP/1.1 200 OK"
2025-10-19 00:18:14 - ingestion.chunk_embedding_upserting - INFO -    ✅ Batch 1 upserted successfully
2025-10-19 00:18:14 - prefect.task_runs - INFO - Finished in state Completed()
2025-10-19 00:18:14 - ingestion.chunk_embedding_upserting - INFO - ✅ how_to_survive_the_top_5_most_deadly_viruses_20251019_001635.json: 6/6 chunks upserted
2025-10-19 00:18:14 - ingestion.chunk_embedding_upserting - INFO - 🧠 Memory usage: 1110.4 MB
2025-10-19 00:18:14 - ingestion.chunk_embedding_upserting - INFO - 
📄 [30/104] Processing how_to_survive_a_dam_break_20251019_001635.json...
2025-10-19 00:18:14 - ingestion.chunk_embedding_upserting - INFO - 🧠 Memory usage: 1110.4 MB
2025-10-19 00:18:14 - ingestion.chunk_embedding_upserting - INFO -    📄 Loaded 6 chunks from how_to_survive_a_dam_break_20251019_001635.json
2025-10-19 00:18:14 - ingestion.chunk_embedding_upserting - INFO -    📊 6 chunks loaded from file
2025-10-19 00:18:14 - ingestion.chunk_embedding_upserting - INFO -    🔄 Batch 1/1 (6 chunks)...
2025-10-19 00:18:14 - ingestion.chunk_embedding_upserting - INFO - 🔢 Generating embeddings for 6 chunks...
2025-10-19 00:18:16 - ingestion.chunk_embedding_upserting - INFO - ✅ Generated 6 embeddings
2025-10-19 00:18:16 - httpx - INFO - HTTP Request: POST http://127.0.0.1:8757/api/logs/ "HTTP/1.1 201 Created"
2025-10-19 00:18:17 - httpx - INFO - HTTP Request: PUT https://5ef7d200-3b5c-4874-8f95-e621d3d5d429.eu-central-1-0.aws.cloud.qdrant.io:6333/collections/survival_strategies/points?wait=true "HTTP/1.1 200 OK"
2025-10-19 00:18:17 - ingestion.chunk_embedding_upserting - INFO -    ✅ Batch 1 upserted successfully
2025-10-19 00:18:17 - prefect.task_runs - INFO - Finished in state Completed()
2025-10-19 00:18:17 - ingestion.chunk_embedding_upserting - INFO - ✅ how_to_survive_a_dam_break_20251019_001635.json: 6/6 chunks upserted
2025-10-19 00:18:17 - ingestion.chunk_embedding_upserting - INFO - 🧠 Memory usage: 1110.4 MB
2025-10-19 00:18:17 - ingestion.chunk_embedding_upserting - INFO - 
📄 [31/104] Processing how_i_survived_a_tsunami_20251019_001635.json...
2025-10-19 00:18:17 - ingestion.chunk_embedding_upserting - INFO - 🧠 Memory usage: 1110.4 MB
2025-10-19 00:18:17 - ingestion.chunk_embedding_upserting - INFO -    📄 Loaded 1 chunks from how_i_survived_a_tsunami_20251019_001635.json
2025-10-19 00:18:17 - ingestion.chunk_embedding_upserting - INFO -    📊 1 chunks loaded from file
2025-10-19 00:18:17 - ingestion.chunk_embedding_upserting - INFO -    🔄 Batch 1/1 (1 chunks)...
2025-10-19 00:18:17 - ingestion.chunk_embedding_upserting - INFO - 🔢 Generating embeddings for 1 chunks...
2025-10-19 00:18:18 - ingestion.chunk_embedding_upserting - INFO - ✅ Generated 1 embeddings
2025-10-19 00:18:18 - httpx - INFO - HTTP Request: POST http://127.0.0.1:8757/api/logs/ "HTTP/1.1 201 Created"
2025-10-19 00:18:18 - httpx - INFO - HTTP Request: PUT https://5ef7d200-3b5c-4874-8f95-e621d3d5d429.eu-central-1-0.aws.cloud.qdrant.io:6333/collections/survival_strategies/points?wait=true "HTTP/1.1 200 OK"
2025-10-19 00:18:18 - ingestion.chunk_embedding_upserting - INFO -    ✅ Batch 1 upserted successfully
2025-10-19 00:18:18 - prefect.task_runs - INFO - Finished in state Completed()
2025-10-19 00:18:18 - ingestion.chunk_embedding_upserting - INFO - ✅ how_i_survived_a_tsunami_20251019_001635.json: 1/1 chunks upserted
2025-10-19 00:18:19 - ingestion.chunk_embedding_upserting - INFO - 🧠 Memory usage: 1110.4 MB
2025-10-19 00:18:19 - ingestion.chunk_embedding_upserting - INFO - 
📄 [32/104] Processing how_to_survive_an_asteroid_impact_20251019_001635.json...
2025-10-19 00:18:19 - ingestion.chunk_embedding_upserting - INFO - 🧠 Memory usage: 1110.4 MB
2025-10-19 00:18:19 - ingestion.chunk_embedding_upserting - INFO -    📄 Loaded 7 chunks from how_to_survive_an_asteroid_impact_20251019_001635.json
2025-10-19 00:18:19 - ingestion.chunk_embedding_upserting - INFO -    📊 7 chunks loaded from file
2025-10-19 00:18:19 - ingestion.chunk_embedding_upserting - INFO -    🔄 Batch 1/1 (7 chunks)...
2025-10-19 00:18:19 - ingestion.chunk_embedding_upserting - INFO - 🔢 Generating embeddings for 7 chunks...
2025-10-19 00:18:20 - httpx - INFO - HTTP Request: POST http://127.0.0.1:8757/api/logs/ "HTTP/1.1 201 Created"
2025-10-19 00:18:20 - ingestion.chunk_embedding_upserting - INFO - ✅ Generated 7 embeddings
2025-10-19 00:18:21 - httpx - INFO - HTTP Request: PUT https://5ef7d200-3b5c-4874-8f95-e621d3d5d429.eu-central-1-0.aws.cloud.qdrant.io:6333/collections/survival_strategies/points?wait=true "HTTP/1.1 200 OK"
2025-10-19 00:18:21 - ingestion.chunk_embedding_upserting - INFO -    ✅ Batch 1 upserted successfully
2025-10-19 00:18:21 - prefect.task_runs - INFO - Finished in state Completed()
2025-10-19 00:18:21 - ingestion.chunk_embedding_upserting - INFO - ✅ how_to_survive_an_asteroid_impact_20251019_001635.json: 7/7 chunks upserted
2025-10-19 00:18:22 - ingestion.chunk_embedding_upserting - INFO - 🧠 Memory usage: 1112.6 MB
2025-10-19 00:18:22 - ingestion.chunk_embedding_upserting - INFO - 
📄 [33/104] Processing how_to_survive_without_showering_for_a_month_20251019_001635.json...
2025-10-19 00:18:22 - ingestion.chunk_embedding_upserting - INFO - 🧠 Memory usage: 1112.6 MB
2025-10-19 00:18:22 - ingestion.chunk_embedding_upserting - INFO -    📄 Loaded 7 chunks from how_to_survive_without_showering_for_a_month_20251019_001635.json
2025-10-19 00:18:22 - ingestion.chunk_embedding_upserting - INFO -    📊 7 chunks loaded from file
2025-10-19 00:18:22 - ingestion.chunk_embedding_upserting - INFO -    🔄 Batch 1/1 (7 chunks)...
2025-10-19 00:18:22 - ingestion.chunk_embedding_upserting - INFO - 🔢 Generating embeddings for 7 chunks...
2025-10-19 00:18:22 - httpx - INFO - HTTP Request: POST http://127.0.0.1:8757/api/logs/ "HTTP/1.1 201 Created"
2025-10-19 00:18:23 - ingestion.chunk_embedding_upserting - INFO - ✅ Generated 7 embeddings
2025-10-19 00:18:24 - httpx - INFO - HTTP Request: PUT https://5ef7d200-3b5c-4874-8f95-e621d3d5d429.eu-central-1-0.aws.cloud.qdrant.io:6333/collections/survival_strategies/points?wait=true "HTTP/1.1 200 OK"
2025-10-19 00:18:24 - ingestion.chunk_embedding_upserting - INFO -    ✅ Batch 1 upserted successfully
2025-10-19 00:18:24 - prefect.task_runs - INFO - Finished in state Completed()
2025-10-19 00:18:24 - ingestion.chunk_embedding_upserting - INFO - ✅ how_to_survive_without_showering_for_a_month_20251019_001635.json: 7/7 chunks upserted
2025-10-19 00:18:25 - ingestion.chunk_embedding_upserting - INFO - 🧠 Memory usage: 1114.6 MB
2025-10-19 00:18:25 - ingestion.chunk_embedding_upserting - INFO - 
📄 [34/104] Processing natures_deadliest_hurricanes_size_comparison_20251019_001635.json...
2025-10-19 00:18:25 - ingestion.chunk_embedding_upserting - INFO - 🧠 Memory usage: 1114.6 MB
2025-10-19 00:18:25 - ingestion.chunk_embedding_upserting - INFO -    📄 Loaded 7 chunks from natures_deadliest_hurricanes_size_comparison_20251019_001635.json
2025-10-19 00:18:25 - ingestion.chunk_embedding_upserting - INFO -    📊 7 chunks loaded from file
2025-10-19 00:18:25 - ingestion.chunk_embedding_upserting - INFO -    🔄 Batch 1/1 (7 chunks)...
2025-10-19 00:18:25 - ingestion.chunk_embedding_upserting - INFO - 🔢 Generating embeddings for 7 chunks...
2025-10-19 00:18:26 - httpx - INFO - HTTP Request: POST http://127.0.0.1:8757/api/logs/ "HTTP/1.1 201 Created"
2025-10-19 00:18:29 - ingestion.chunk_embedding_upserting - INFO - ✅ Generated 7 embeddings
2025-10-19 00:18:31 - httpx - INFO - HTTP Request: PUT https://5ef7d200-3b5c-4874-8f95-e621d3d5d429.eu-central-1-0.aws.cloud.qdrant.io:6333/collections/survival_strategies/points?wait=true "HTTP/1.1 200 OK"
2025-10-19 00:18:31 - ingestion.chunk_embedding_upserting - INFO -    ✅ Batch 1 upserted successfully
2025-10-19 00:18:31 - prefect.task_runs - INFO - Finished in state Completed()
2025-10-19 00:18:31 - ingestion.chunk_embedding_upserting - INFO - ✅ natures_deadliest_hurricanes_size_comparison_20251019_001635.json: 7/7 chunks upserted
2025-10-19 00:18:31 - ingestion.chunk_embedding_upserting - INFO - 🧠 Memory usage: 1114.6 MB
2025-10-19 00:18:31 - ingestion.chunk_embedding_upserting - INFO - 
📄 [35/104] Processing how_to_survive_the_top_5_accidental_deaths_20251019_001635.json...
2025-10-19 00:18:31 - ingestion.chunk_embedding_upserting - INFO - 🧠 Memory usage: 1114.6 MB
2025-10-19 00:18:31 - ingestion.chunk_embedding_upserting - INFO -    📄 Loaded 6 chunks from how_to_survive_the_top_5_accidental_deaths_20251019_001635.json
2025-10-19 00:18:31 - ingestion.chunk_embedding_upserting - INFO -    📊 6 chunks loaded from file
2025-10-19 00:18:31 - ingestion.chunk_embedding_upserting - INFO -    🔄 Batch 1/1 (6 chunks)...
2025-10-19 00:18:31 - ingestion.chunk_embedding_upserting - INFO - 🔢 Generating embeddings for 6 chunks...
2025-10-19 00:18:32 - httpx - INFO - HTTP Request: POST http://127.0.0.1:8757/api/logs/ "HTTP/1.1 201 Created"
2025-10-19 00:18:33 - ingestion.chunk_embedding_upserting - INFO - ✅ Generated 6 embeddings
2025-10-19 00:18:34 - httpx - INFO - HTTP Request: PUT https://5ef7d200-3b5c-4874-8f95-e621d3d5d429.eu-central-1-0.aws.cloud.qdrant.io:6333/collections/survival_strategies/points?wait=true "HTTP/1.1 200 OK"
2025-10-19 00:18:34 - ingestion.chunk_embedding_upserting - INFO -    ✅ Batch 1 upserted successfully
2025-10-19 00:18:34 - prefect.task_runs - INFO - Finished in state Completed()
2025-10-19 00:18:34 - ingestion.chunk_embedding_upserting - INFO - ✅ how_to_survive_the_top_5_accidental_deaths_20251019_001635.json: 6/6 chunks upserted
2025-10-19 00:18:34 - ingestion.chunk_embedding_upserting - INFO - 🧠 Memory usage: 1114.6 MB
2025-10-19 00:18:34 - ingestion.chunk_embedding_upserting - INFO - 
📄 [36/104] Processing top_5_basic_survival_skills_20251019_001635.json...
2025-10-19 00:18:34 - ingestion.chunk_embedding_upserting - INFO - 🧠 Memory usage: 1114.6 MB
2025-10-19 00:18:34 - ingestion.chunk_embedding_upserting - INFO -    📄 Loaded 6 chunks from top_5_basic_survival_skills_20251019_001635.json
2025-10-19 00:18:34 - ingestion.chunk_embedding_upserting - INFO -    📊 6 chunks loaded from file
2025-10-19 00:18:34 - ingestion.chunk_embedding_upserting - INFO -    🔄 Batch 1/1 (6 chunks)...
2025-10-19 00:18:34 - ingestion.chunk_embedding_upserting - INFO - 🔢 Generating embeddings for 6 chunks...
2025-10-19 00:18:34 - httpx - INFO - HTTP Request: POST http://127.0.0.1:8757/api/logs/ "HTTP/1.1 201 Created"
2025-10-19 00:18:38 - ingestion.chunk_embedding_upserting - INFO - ✅ Generated 6 embeddings
2025-10-19 00:18:39 - httpx - INFO - HTTP Request: PUT https://5ef7d200-3b5c-4874-8f95-e621d3d5d429.eu-central-1-0.aws.cloud.qdrant.io:6333/collections/survival_strategies/points?wait=true "HTTP/1.1 200 OK"
2025-10-19 00:18:39 - ingestion.chunk_embedding_upserting - INFO -    ✅ Batch 1 upserted successfully
2025-10-19 00:18:39 - prefect.task_runs - INFO - Finished in state Completed()
2025-10-19 00:18:39 - ingestion.chunk_embedding_upserting - INFO - ✅ top_5_basic_survival_skills_20251019_001635.json: 6/6 chunks upserted
2025-10-19 00:18:39 - ingestion.chunk_embedding_upserting - INFO - 🧠 Memory usage: 1250.7 MB
2025-10-19 00:18:39 - ingestion.chunk_embedding_upserting - INFO - 
📄 [37/104] Processing how_to_survive_an_earthquake_according_to_science_20251019_001635.json...
2025-10-19 00:18:39 - ingestion.chunk_embedding_upserting - INFO - 🧠 Memory usage: 1250.7 MB
2025-10-19 00:18:39 - ingestion.chunk_embedding_upserting - INFO -    📄 Loaded 4 chunks from how_to_survive_an_earthquake_according_to_science_20251019_001635.json
2025-10-19 00:18:39 - ingestion.chunk_embedding_upserting - INFO -    📊 4 chunks loaded from file
2025-10-19 00:18:39 - ingestion.chunk_embedding_upserting - INFO -    🔄 Batch 1/1 (4 chunks)...
2025-10-19 00:18:39 - ingestion.chunk_embedding_upserting - INFO - 🔢 Generating embeddings for 4 chunks...
2025-10-19 00:18:40 - httpx - INFO - HTTP Request: POST http://127.0.0.1:8757/api/logs/ "HTTP/1.1 201 Created"
2025-10-19 00:18:41 - ingestion.chunk_embedding_upserting - INFO - ✅ Generated 4 embeddings
2025-10-19 00:18:41 - httpx - INFO - HTTP Request: PUT https://5ef7d200-3b5c-4874-8f95-e621d3d5d429.eu-central-1-0.aws.cloud.qdrant.io:6333/collections/survival_strategies/points?wait=true "HTTP/1.1 200 OK"
2025-10-19 00:18:41 - ingestion.chunk_embedding_upserting - INFO -    ✅ Batch 1 upserted successfully
2025-10-19 00:18:41 - prefect.task_runs - INFO - Finished in state Completed()
2025-10-19 00:18:41 - ingestion.chunk_embedding_upserting - INFO - ✅ how_to_survive_an_earthquake_according_to_science_20251019_001635.json: 4/4 chunks upserted
2025-10-19 00:18:42 - ingestion.chunk_embedding_upserting - INFO - 🧠 Memory usage: 1250.7 MB
2025-10-19 00:18:42 - ingestion.chunk_embedding_upserting - INFO - 
📄 [38/104] Processing how_to_survive_mount_everest_20251019_001635.json...
2025-10-19 00:18:42 - ingestion.chunk_embedding_upserting - INFO - 🧠 Memory usage: 1250.7 MB
2025-10-19 00:18:42 - ingestion.chunk_embedding_upserting - INFO -    📄 Loaded 8 chunks from how_to_survive_mount_everest_20251019_001635.json
2025-10-19 00:18:42 - ingestion.chunk_embedding_upserting - INFO -    📊 8 chunks loaded from file
2025-10-19 00:18:42 - ingestion.chunk_embedding_upserting - INFO -    🔄 Batch 1/1 (8 chunks)...
2025-10-19 00:18:42 - ingestion.chunk_embedding_upserting - INFO - 🔢 Generating embeddings for 8 chunks...
2025-10-19 00:18:42 - httpx - INFO - HTTP Request: POST http://127.0.0.1:8757/api/logs/ "HTTP/1.1 201 Created"
2025-10-19 00:18:44 - ingestion.chunk_embedding_upserting - INFO - ✅ Generated 8 embeddings
2025-10-19 00:18:44 - httpx - INFO - HTTP Request: PUT https://5ef7d200-3b5c-4874-8f95-e621d3d5d429.eu-central-1-0.aws.cloud.qdrant.io:6333/collections/survival_strategies/points?wait=true "HTTP/1.1 200 OK"
2025-10-19 00:18:44 - ingestion.chunk_embedding_upserting - INFO -    ✅ Batch 1 upserted successfully
2025-10-19 00:18:45 - prefect.task_runs - INFO - Finished in state Completed()
2025-10-19 00:18:45 - ingestion.chunk_embedding_upserting - INFO - ✅ how_to_survive_mount_everest_20251019_001635.json: 8/8 chunks upserted
2025-10-19 00:18:45 - ingestion.chunk_embedding_upserting - INFO - 🧠 Memory usage: 1250.9 MB
2025-10-19 00:18:45 - ingestion.chunk_embedding_upserting - INFO - 
📄 [39/104] Processing how_to_survive_a_mudslide_20251019_001635.json...
2025-10-19 00:18:45 - ingestion.chunk_embedding_upserting - INFO - 🧠 Memory usage: 1250.9 MB
2025-10-19 00:18:45 - ingestion.chunk_embedding_upserting - INFO -    📄 Loaded 6 chunks from how_to_survive_a_mudslide_20251019_001635.json
2025-10-19 00:18:45 - ingestion.chunk_embedding_upserting - INFO -    📊 6 chunks loaded from file
2025-10-19 00:18:45 - ingestion.chunk_embedding_upserting - INFO -    🔄 Batch 1/1 (6 chunks)...
2025-10-19 00:18:45 - ingestion.chunk_embedding_upserting - INFO - 🔢 Generating embeddings for 6 chunks...
2025-10-19 00:18:46 - ingestion.chunk_embedding_upserting - INFO - ✅ Generated 6 embeddings
2025-10-19 00:18:46 - httpx - INFO - HTTP Request: POST http://127.0.0.1:8757/api/logs/ "HTTP/1.1 201 Created"
2025-10-19 00:18:47 - httpx - INFO - HTTP Request: PUT https://5ef7d200-3b5c-4874-8f95-e621d3d5d429.eu-central-1-0.aws.cloud.qdrant.io:6333/collections/survival_strategies/points?wait=true "HTTP/1.1 200 OK"
2025-10-19 00:18:47 - ingestion.chunk_embedding_upserting - INFO -    ✅ Batch 1 upserted successfully
2025-10-19 00:18:47 - prefect.task_runs - INFO - Finished in state Completed()
2025-10-19 00:18:47 - ingestion.chunk_embedding_upserting - INFO - ✅ how_to_survive_a_mudslide_20251019_001635.json: 6/6 chunks upserted
2025-10-19 00:18:47 - ingestion.chunk_embedding_upserting - INFO - 🧠 Memory usage: 1250.9 MB
2025-10-19 00:18:47 - ingestion.chunk_embedding_upserting - INFO - 
📄 [40/104] Processing how_to_survive_24_hours_in_death_valley_20251019_001635.json...
2025-10-19 00:18:47 - ingestion.chunk_embedding_upserting - INFO - 🧠 Memory usage: 1250.9 MB
2025-10-19 00:18:47 - ingestion.chunk_embedding_upserting - INFO -    📄 Loaded 7 chunks from how_to_survive_24_hours_in_death_valley_20251019_001635.json
2025-10-19 00:18:47 - ingestion.chunk_embedding_upserting - INFO -    📊 7 chunks loaded from file
2025-10-19 00:18:47 - ingestion.chunk_embedding_upserting - INFO -    🔄 Batch 1/1 (7 chunks)...
2025-10-19 00:18:47 - ingestion.chunk_embedding_upserting - INFO - 🔢 Generating embeddings for 7 chunks...
2025-10-19 00:18:49 - httpx - INFO - HTTP Request: POST http://127.0.0.1:8757/api/logs/ "HTTP/1.1 201 Created"
2025-10-19 00:18:49 - ingestion.chunk_embedding_upserting - INFO - ✅ Generated 7 embeddings
2025-10-19 00:18:50 - httpx - INFO - HTTP Request: PUT https://5ef7d200-3b5c-4874-8f95-e621d3d5d429.eu-central-1-0.aws.cloud.qdrant.io:6333/collections/survival_strategies/points?wait=true "HTTP/1.1 200 OK"
2025-10-19 00:18:50 - ingestion.chunk_embedding_upserting - INFO -    ✅ Batch 1 upserted successfully
2025-10-19 00:18:50 - prefect.task_runs - INFO - Finished in state Completed()
2025-10-19 00:18:50 - ingestion.chunk_embedding_upserting - INFO - ✅ how_to_survive_24_hours_in_death_valley_20251019_001635.json: 7/7 chunks upserted
2025-10-19 00:18:50 - ingestion.chunk_embedding_upserting - INFO - 🧠 Memory usage: 1250.9 MB
2025-10-19 00:18:50 - ingestion.chunk_embedding_upserting - INFO - 
📄 [41/104] Processing how_to_survive_a_hurricane_according_to_science_20251019_001635.json...
2025-10-19 00:18:50 - ingestion.chunk_embedding_upserting - INFO - 🧠 Memory usage: 1250.9 MB
2025-10-19 00:18:50 - ingestion.chunk_embedding_upserting - INFO -    📄 Loaded 8 chunks from how_to_survive_a_hurricane_according_to_science_20251019_001635.json
2025-10-19 00:18:50 - ingestion.chunk_embedding_upserting - INFO -    📊 8 chunks loaded from file
2025-10-19 00:18:50 - ingestion.chunk_embedding_upserting - INFO -    🔄 Batch 1/1 (8 chunks)...
2025-10-19 00:18:50 - ingestion.chunk_embedding_upserting - INFO - 🔢 Generating embeddings for 8 chunks...
2025-10-19 00:18:51 - httpx - INFO - HTTP Request: POST http://127.0.0.1:8757/api/logs/ "HTTP/1.1 201 Created"
2025-10-19 00:18:52 - ingestion.chunk_embedding_upserting - INFO - ✅ Generated 8 embeddings
2025-10-19 00:18:53 - httpx - INFO - HTTP Request: PUT https://5ef7d200-3b5c-4874-8f95-e621d3d5d429.eu-central-1-0.aws.cloud.qdrant.io:6333/collections/survival_strategies/points?wait=true "HTTP/1.1 200 OK"
2025-10-19 00:18:53 - ingestion.chunk_embedding_upserting - INFO -    ✅ Batch 1 upserted successfully
2025-10-19 00:18:53 - prefect.task_runs - INFO - Finished in state Completed()
2025-10-19 00:18:53 - ingestion.chunk_embedding_upserting - INFO - ✅ how_to_survive_a_hurricane_according_to_science_20251019_001635.json: 8/8 chunks upserted
2025-10-19 00:18:54 - ingestion.chunk_embedding_upserting - INFO - 🧠 Memory usage: 1250.9 MB
2025-10-19 00:18:54 - ingestion.chunk_embedding_upserting - INFO - 
📄 [42/104] Processing how_to_survive_the_corpse_flower_20251019_001635.json...
2025-10-19 00:18:54 - ingestion.chunk_embedding_upserting - INFO - 🧠 Memory usage: 1250.9 MB
2025-10-19 00:18:54 - ingestion.chunk_embedding_upserting - INFO -    📄 Loaded 6 chunks from how_to_survive_the_corpse_flower_20251019_001635.json
2025-10-19 00:18:54 - ingestion.chunk_embedding_upserting - INFO -    📊 6 chunks loaded from file
2025-10-19 00:18:54 - ingestion.chunk_embedding_upserting - INFO -    🔄 Batch 1/1 (6 chunks)...
2025-10-19 00:18:54 - ingestion.chunk_embedding_upserting - INFO - 🔢 Generating embeddings for 6 chunks...
2025-10-19 00:18:55 - httpx - INFO - HTTP Request: POST http://127.0.0.1:8757/api/logs/ "HTTP/1.1 201 Created"
2025-10-19 00:18:55 - ingestion.chunk_embedding_upserting - INFO - ✅ Generated 6 embeddings
2025-10-19 00:18:56 - httpx - INFO - HTTP Request: PUT https://5ef7d200-3b5c-4874-8f95-e621d3d5d429.eu-central-1-0.aws.cloud.qdrant.io:6333/collections/survival_strategies/points?wait=true "HTTP/1.1 200 OK"
2025-10-19 00:18:56 - ingestion.chunk_embedding_upserting - INFO -    ✅ Batch 1 upserted successfully
2025-10-19 00:18:56 - prefect.task_runs - INFO - Finished in state Completed()
2025-10-19 00:18:56 - ingestion.chunk_embedding_upserting - INFO - ✅ how_to_survive_the_corpse_flower_20251019_001635.json: 6/6 chunks upserted
2025-10-19 00:18:56 - ingestion.chunk_embedding_upserting - INFO - 🧠 Memory usage: 1251.1 MB
2025-10-19 00:18:56 - ingestion.chunk_embedding_upserting - INFO - 
📄 [43/104] Processing how_to_survive_being_bullied_online_20251019_001635.json...
2025-10-19 00:18:56 - ingestion.chunk_embedding_upserting - INFO - 🧠 Memory usage: 1251.1 MB
2025-10-19 00:18:56 - ingestion.chunk_embedding_upserting - INFO -    📄 Loaded 10 chunks from how_to_survive_being_bullied_online_20251019_001635.json
2025-10-19 00:18:56 - ingestion.chunk_embedding_upserting - INFO -    📊 10 chunks loaded from file
2025-10-19 00:18:56 - ingestion.chunk_embedding_upserting - INFO -    🔄 Batch 1/1 (10 chunks)...
2025-10-19 00:18:56 - ingestion.chunk_embedding_upserting - INFO - 🔢 Generating embeddings for 10 chunks...
2025-10-19 00:18:57 - httpx - INFO - HTTP Request: POST http://127.0.0.1:8757/api/logs/ "HTTP/1.1 201 Created"
2025-10-19 00:18:59 - ingestion.chunk_embedding_upserting - INFO - ✅ Generated 10 embeddings
2025-10-19 00:19:00 - httpx - INFO - HTTP Request: PUT https://5ef7d200-3b5c-4874-8f95-e621d3d5d429.eu-central-1-0.aws.cloud.qdrant.io:6333/collections/survival_strategies/points?wait=true "HTTP/1.1 200 OK"
2025-10-19 00:19:00 - ingestion.chunk_embedding_upserting - INFO -    ✅ Batch 1 upserted successfully
2025-10-19 00:19:00 - prefect.task_runs - INFO - Finished in state Completed()
2025-10-19 00:19:00 - ingestion.chunk_embedding_upserting - INFO - ✅ how_to_survive_being_bullied_online_20251019_001635.json: 10/10 chunks upserted
2025-10-19 00:19:00 - ingestion.chunk_embedding_upserting - INFO - 🧠 Memory usage: 1251.4 MB
2025-10-19 00:19:00 - ingestion.chunk_embedding_upserting - INFO - 
📄 [44/104] Processing the_top_5_worst_survival_mistakes_20251019_001635.json...
2025-10-19 00:19:00 - ingestion.chunk_embedding_upserting - INFO - 🧠 Memory usage: 1251.4 MB
2025-10-19 00:19:00 - ingestion.chunk_embedding_upserting - INFO -    📄 Loaded 6 chunks from the_top_5_worst_survival_mistakes_20251019_001635.json
2025-10-19 00:19:00 - ingestion.chunk_embedding_upserting - INFO -    📊 6 chunks loaded from file
2025-10-19 00:19:01 - ingestion.chunk_embedding_upserting - INFO -    🔄 Batch 1/1 (6 chunks)...
2025-10-19 00:19:01 - ingestion.chunk_embedding_upserting - INFO - 🔢 Generating embeddings for 6 chunks...
2025-10-19 00:19:01 - httpx - INFO - HTTP Request: POST http://127.0.0.1:8757/api/logs/ "HTTP/1.1 201 Created"
2025-10-19 00:19:02 - ingestion.chunk_embedding_upserting - INFO - ✅ Generated 6 embeddings
2025-10-19 00:19:03 - httpx - INFO - HTTP Request: PUT https://5ef7d200-3b5c-4874-8f95-e621d3d5d429.eu-central-1-0.aws.cloud.qdrant.io:6333/collections/survival_strategies/points?wait=true "HTTP/1.1 200 OK"
2025-10-19 00:19:03 - ingestion.chunk_embedding_upserting - INFO -    ✅ Batch 1 upserted successfully
2025-10-19 00:19:04 - prefect.task_runs - INFO - Finished in state Completed()
2025-10-19 00:19:04 - ingestion.chunk_embedding_upserting - INFO - ✅ the_top_5_worst_survival_mistakes_20251019_001635.json: 6/6 chunks upserted
2025-10-19 00:19:04 - ingestion.chunk_embedding_upserting - INFO - 🧠 Memory usage: 1251.4 MB
2025-10-19 00:19:04 - ingestion.chunk_embedding_upserting - INFO - 
📄 [45/104] Processing how_to_survive_a_tree_falling_on_your_house_20251019_001635.json...
2025-10-19 00:19:04 - ingestion.chunk_embedding_upserting - INFO - 🧠 Memory usage: 1251.4 MB
2025-10-19 00:19:04 - ingestion.chunk_embedding_upserting - INFO -    📄 Loaded 6 chunks from how_to_survive_a_tree_falling_on_your_house_20251019_001635.json
2025-10-19 00:19:04 - ingestion.chunk_embedding_upserting - INFO -    📊 6 chunks loaded from file
2025-10-19 00:19:04 - ingestion.chunk_embedding_upserting - INFO -    🔄 Batch 1/1 (6 chunks)...
2025-10-19 00:19:04 - ingestion.chunk_embedding_upserting - INFO - 🔢 Generating embeddings for 6 chunks...
2025-10-19 00:19:05 - httpx - INFO - HTTP Request: POST http://127.0.0.1:8757/api/logs/ "HTTP/1.1 201 Created"
2025-10-19 00:19:05 - ingestion.chunk_embedding_upserting - INFO - ✅ Generated 6 embeddings
2025-10-19 00:19:06 - httpx - INFO - HTTP Request: PUT https://5ef7d200-3b5c-4874-8f95-e621d3d5d429.eu-central-1-0.aws.cloud.qdrant.io:6333/collections/survival_strategies/points?wait=true "HTTP/1.1 200 OK"
2025-10-19 00:19:06 - ingestion.chunk_embedding_upserting - INFO -    ✅ Batch 1 upserted successfully
2025-10-19 00:19:06 - prefect.task_runs - INFO - Finished in state Completed()
2025-10-19 00:19:06 - ingestion.chunk_embedding_upserting - INFO - ✅ how_to_survive_a_tree_falling_on_your_house_20251019_001635.json: 6/6 chunks upserted
2025-10-19 00:19:06 - ingestion.chunk_embedding_upserting - INFO - 🧠 Memory usage: 1251.4 MB
2025-10-19 00:19:06 - ingestion.chunk_embedding_upserting - INFO - 
📄 [46/104] Processing the_worst_things_to_do_in_an_earthquake_20251019_001635.json...
2025-10-19 00:19:06 - ingestion.chunk_embedding_upserting - INFO - 🧠 Memory usage: 1251.4 MB
2025-10-19 00:19:06 - ingestion.chunk_embedding_upserting - INFO -    📄 Loaded 7 chunks from the_worst_things_to_do_in_an_earthquake_20251019_001635.json
2025-10-19 00:19:06 - ingestion.chunk_embedding_upserting - INFO -    📊 7 chunks loaded from file
2025-10-19 00:19:06 - ingestion.chunk_embedding_upserting - INFO -    🔄 Batch 1/1 (7 chunks)...
2025-10-19 00:19:06 - ingestion.chunk_embedding_upserting - INFO - 🔢 Generating embeddings for 7 chunks...
2025-10-19 00:19:07 - httpx - INFO - HTTP Request: POST http://127.0.0.1:8757/api/logs/ "HTTP/1.1 201 Created"
2025-10-19 00:19:08 - ingestion.chunk_embedding_upserting - INFO - ✅ Generated 7 embeddings
2025-10-19 00:19:09 - httpx - INFO - HTTP Request: PUT https://5ef7d200-3b5c-4874-8f95-e621d3d5d429.eu-central-1-0.aws.cloud.qdrant.io:6333/collections/survival_strategies/points?wait=true "HTTP/1.1 200 OK"
2025-10-19 00:19:09 - ingestion.chunk_embedding_upserting - INFO -    ✅ Batch 1 upserted successfully
2025-10-19 00:19:09 - prefect.task_runs - INFO - Finished in state Completed()
2025-10-19 00:19:09 - ingestion.chunk_embedding_upserting - INFO - ✅ the_worst_things_to_do_in_an_earthquake_20251019_001635.json: 7/7 chunks upserted
2025-10-19 00:19:09 - ingestion.chunk_embedding_upserting - INFO - 🧠 Memory usage: 1251.4 MB
2025-10-19 00:19:09 - ingestion.chunk_embedding_upserting - INFO - 
📄 [47/104] Processing how_to_survive_in_the_bermuda_triangle_20251019_001635.json...
2025-10-19 00:19:09 - ingestion.chunk_embedding_upserting - INFO - 🧠 Memory usage: 1251.4 MB
2025-10-19 00:19:09 - ingestion.chunk_embedding_upserting - INFO -    📄 Loaded 5 chunks from how_to_survive_in_the_bermuda_triangle_20251019_001635.json
2025-10-19 00:19:09 - ingestion.chunk_embedding_upserting - INFO -    📊 5 chunks loaded from file
2025-10-19 00:19:09 - ingestion.chunk_embedding_upserting - INFO -    🔄 Batch 1/1 (5 chunks)...
2025-10-19 00:19:09 - ingestion.chunk_embedding_upserting - INFO - 🔢 Generating embeddings for 5 chunks...
2025-10-19 00:19:09 - httpx - INFO - HTTP Request: POST http://127.0.0.1:8757/api/logs/ "HTTP/1.1 201 Created"
2025-10-19 00:19:11 - ingestion.chunk_embedding_upserting - INFO - ✅ Generated 5 embeddings
2025-10-19 00:19:12 - httpx - INFO - HTTP Request: PUT https://5ef7d200-3b5c-4874-8f95-e621d3d5d429.eu-central-1-0.aws.cloud.qdrant.io:6333/collections/survival_strategies/points?wait=true "HTTP/1.1 200 OK"
2025-10-19 00:19:12 - ingestion.chunk_embedding_upserting - INFO -    ✅ Batch 1 upserted successfully
2025-10-19 00:19:12 - prefect.task_runs - INFO - Finished in state Completed()
2025-10-19 00:19:12 - ingestion.chunk_embedding_upserting - INFO - ✅ how_to_survive_in_the_bermuda_triangle_20251019_001635.json: 5/5 chunks upserted
2025-10-19 00:19:12 - ingestion.chunk_embedding_upserting - INFO - 🧠 Memory usage: 1251.4 MB
2025-10-19 00:19:12 - ingestion.chunk_embedding_upserting - INFO - 
📄 [48/104] Processing how_to_survive_a_collapsing_sand_dune_20251019_001635.json...
2025-10-19 00:19:12 - ingestion.chunk_embedding_upserting - INFO - 🧠 Memory usage: 1251.4 MB
2025-10-19 00:19:12 - ingestion.chunk_embedding_upserting - INFO -    📄 Loaded 7 chunks from how_to_survive_a_collapsing_sand_dune_20251019_001635.json
2025-10-19 00:19:12 - ingestion.chunk_embedding_upserting - INFO -    📊 7 chunks loaded from file
2025-10-19 00:19:12 - ingestion.chunk_embedding_upserting - INFO -    🔄 Batch 1/1 (7 chunks)...
2025-10-19 00:19:12 - ingestion.chunk_embedding_upserting - INFO - 🔢 Generating embeddings for 7 chunks...
2025-10-19 00:19:13 - httpx - INFO - HTTP Request: POST http://127.0.0.1:8757/api/logs/ "HTTP/1.1 201 Created"
2025-10-19 00:19:13 - ingestion.chunk_embedding_upserting - INFO - ✅ Generated 7 embeddings
2025-10-19 00:19:14 - httpx - INFO - HTTP Request: PUT https://5ef7d200-3b5c-4874-8f95-e621d3d5d429.eu-central-1-0.aws.cloud.qdrant.io:6333/collections/survival_strategies/points?wait=true "HTTP/1.1 200 OK"
2025-10-19 00:19:14 - ingestion.chunk_embedding_upserting - INFO -    ✅ Batch 1 upserted successfully
2025-10-19 00:19:14 - prefect.task_runs - INFO - Finished in state Completed()
2025-10-19 00:19:14 - ingestion.chunk_embedding_upserting - INFO - ✅ how_to_survive_a_collapsing_sand_dune_20251019_001635.json: 7/7 chunks upserted
2025-10-19 00:19:14 - ingestion.chunk_embedding_upserting - INFO - 🧠 Memory usage: 1251.4 MB
2025-10-19 00:19:14 - ingestion.chunk_embedding_upserting - INFO - 
📄 [49/104] Processing how_to_survive_a_brain_eating_amoeba_20251019_001635.json...
2025-10-19 00:19:14 - ingestion.chunk_embedding_upserting - INFO - 🧠 Memory usage: 1251.4 MB
2025-10-19 00:19:14 - ingestion.chunk_embedding_upserting - INFO -    📄 Loaded 6 chunks from how_to_survive_a_brain_eating_amoeba_20251019_001635.json
2025-10-19 00:19:14 - ingestion.chunk_embedding_upserting - INFO -    📊 6 chunks loaded from file
2025-10-19 00:19:15 - ingestion.chunk_embedding_upserting - INFO -    🔄 Batch 1/1 (6 chunks)...
2025-10-19 00:19:15 - ingestion.chunk_embedding_upserting - INFO - 🔢 Generating embeddings for 6 chunks...
2025-10-19 00:19:15 - httpx - INFO - HTTP Request: POST http://127.0.0.1:8757/api/logs/ "HTTP/1.1 201 Created"
2025-10-19 00:19:15 - ingestion.chunk_embedding_upserting - INFO - ✅ Generated 6 embeddings
2025-10-19 00:19:16 - httpx - INFO - HTTP Request: PUT https://5ef7d200-3b5c-4874-8f95-e621d3d5d429.eu-central-1-0.aws.cloud.qdrant.io:6333/collections/survival_strategies/points?wait=true "HTTP/1.1 200 OK"
2025-10-19 00:19:16 - ingestion.chunk_embedding_upserting - INFO -    ✅ Batch 1 upserted successfully
2025-10-19 00:19:16 - prefect.task_runs - INFO - Finished in state Completed()
2025-10-19 00:19:16 - ingestion.chunk_embedding_upserting - INFO - ✅ how_to_survive_a_brain_eating_amoeba_20251019_001635.json: 6/6 chunks upserted
2025-10-19 00:19:16 - ingestion.chunk_embedding_upserting - INFO - 🧠 Memory usage: 1251.4 MB
2025-10-19 00:19:16 - ingestion.chunk_embedding_upserting - INFO - 
📄 [50/104] Processing how_to_survive_tapeworms_warning_distressing_footage_20251019_001635.json...
2025-10-19 00:19:16 - ingestion.chunk_embedding_upserting - INFO - 🧠 Memory usage: 1251.4 MB
2025-10-19 00:19:16 - ingestion.chunk_embedding_upserting - INFO -    📄 Loaded 8 chunks from how_to_survive_tapeworms_warning_distressing_footage_20251019_001635.json
2025-10-19 00:19:16 - ingestion.chunk_embedding_upserting - INFO -    📊 8 chunks loaded from file
2025-10-19 00:19:17 - ingestion.chunk_embedding_upserting - INFO -    🔄 Batch 1/1 (8 chunks)...
2025-10-19 00:19:17 - ingestion.chunk_embedding_upserting - INFO - 🔢 Generating embeddings for 8 chunks...
2025-10-19 00:19:17 - httpx - INFO - HTTP Request: POST http://127.0.0.1:8757/api/logs/ "HTTP/1.1 201 Created"
2025-10-19 00:19:18 - ingestion.chunk_embedding_upserting - INFO - ✅ Generated 8 embeddings
2025-10-19 00:19:19 - httpx - INFO - HTTP Request: PUT https://5ef7d200-3b5c-4874-8f95-e621d3d5d429.eu-central-1-0.aws.cloud.qdrant.io:6333/collections/survival_strategies/points?wait=true "HTTP/1.1 200 OK"
2025-10-19 00:19:19 - ingestion.chunk_embedding_upserting - INFO -    ✅ Batch 1 upserted successfully
2025-10-19 00:19:20 - prefect.task_runs - INFO - Finished in state Completed()
2025-10-19 00:19:20 - ingestion.chunk_embedding_upserting - INFO - ✅ how_to_survive_tapeworms_warning_distressing_footage_20251019_001635.json: 8/8 chunks upserted
2025-10-19 00:19:20 - ingestion.chunk_embedding_upserting - INFO - 🧠 Memory usage: 1251.4 MB
2025-10-19 00:19:20 - ingestion.chunk_embedding_upserting - INFO - 
📄 [51/104] Processing how_to_survive_a_supervolcano_20251019_001635.json...
2025-10-19 00:19:20 - ingestion.chunk_embedding_upserting - INFO - 🧠 Memory usage: 1251.4 MB
2025-10-19 00:19:20 - ingestion.chunk_embedding_upserting - INFO -    📄 Loaded 6 chunks from how_to_survive_a_supervolcano_20251019_001635.json
2025-10-19 00:19:20 - ingestion.chunk_embedding_upserting - INFO -    📊 6 chunks loaded from file
2025-10-19 00:19:20 - ingestion.chunk_embedding_upserting - INFO -    🔄 Batch 1/1 (6 chunks)...
2025-10-19 00:19:20 - ingestion.chunk_embedding_upserting - INFO - 🔢 Generating embeddings for 6 chunks...
2025-10-19 00:19:21 - ingestion.chunk_embedding_upserting - INFO - ✅ Generated 6 embeddings
2025-10-19 00:19:21 - httpx - INFO - HTTP Request: POST http://127.0.0.1:8757/api/logs/ "HTTP/1.1 201 Created"
2025-10-19 00:19:22 - httpx - INFO - HTTP Request: PUT https://5ef7d200-3b5c-4874-8f95-e621d3d5d429.eu-central-1-0.aws.cloud.qdrant.io:6333/collections/survival_strategies/points?wait=true "HTTP/1.1 200 OK"
2025-10-19 00:19:22 - ingestion.chunk_embedding_upserting - INFO -    ✅ Batch 1 upserted successfully
2025-10-19 00:19:22 - prefect.task_runs - INFO - Finished in state Completed()
2025-10-19 00:19:22 - ingestion.chunk_embedding_upserting - INFO - ✅ how_to_survive_a_supervolcano_20251019_001635.json: 6/6 chunks upserted
2025-10-19 00:19:22 - ingestion.chunk_embedding_upserting - INFO - 🧠 Memory usage: 1251.4 MB
2025-10-19 00:19:22 - ingestion.chunk_embedding_upserting - INFO - 
📄 [52/104] Processing how_to_survive_only_on_water_for_a_week_20251019_001635.json...
2025-10-19 00:19:22 - ingestion.chunk_embedding_upserting - INFO - 🧠 Memory usage: 1251.4 MB
2025-10-19 00:19:22 - ingestion.chunk_embedding_upserting - INFO -    📄 Loaded 6 chunks from how_to_survive_only_on_water_for_a_week_20251019_001635.json
2025-10-19 00:19:22 - ingestion.chunk_embedding_upserting - INFO -    📊 6 chunks loaded from file
2025-10-19 00:19:22 - ingestion.chunk_embedding_upserting - INFO -    🔄 Batch 1/1 (6 chunks)...
2025-10-19 00:19:22 - ingestion.chunk_embedding_upserting - INFO - 🔢 Generating embeddings for 6 chunks...
2025-10-19 00:19:23 - httpx - INFO - HTTP Request: POST http://127.0.0.1:8757/api/logs/ "HTTP/1.1 201 Created"
2025-10-19 00:19:23 - ingestion.chunk_embedding_upserting - INFO - ✅ Generated 6 embeddings
2025-10-19 00:19:24 - httpx - INFO - HTTP Request: PUT https://5ef7d200-3b5c-4874-8f95-e621d3d5d429.eu-central-1-0.aws.cloud.qdrant.io:6333/collections/survival_strategies/points?wait=true "HTTP/1.1 200 OK"
2025-10-19 00:19:24 - ingestion.chunk_embedding_upserting - INFO -    ✅ Batch 1 upserted successfully
2025-10-19 00:19:24 - prefect.task_runs - INFO - Finished in state Completed()
2025-10-19 00:19:24 - ingestion.chunk_embedding_upserting - INFO - ✅ how_to_survive_only_on_water_for_a_week_20251019_001635.json: 6/6 chunks upserted
2025-10-19 00:19:25 - ingestion.chunk_embedding_upserting - INFO - 🧠 Memory usage: 1251.4 MB
2025-10-19 00:19:25 - ingestion.chunk_embedding_upserting - INFO - 
📄 [53/104] Processing household_items_that_could_save_you_in_a_nuclear_war_20251019_001635.json...
2025-10-19 00:19:25 - ingestion.chunk_embedding_upserting - INFO - 🧠 Memory usage: 1251.4 MB
2025-10-19 00:19:25 - ingestion.chunk_embedding_upserting - INFO -    📄 Loaded 9 chunks from household_items_that_could_save_you_in_a_nuclear_war_20251019_001635.json
2025-10-19 00:19:25 - ingestion.chunk_embedding_upserting - INFO -    📊 9 chunks loaded from file
2025-10-19 00:19:25 - ingestion.chunk_embedding_upserting - INFO -    🔄 Batch 1/1 (9 chunks)...
2025-10-19 00:19:25 - ingestion.chunk_embedding_upserting - INFO - 🔢 Generating embeddings for 9 chunks...
2025-10-19 00:19:26 - httpx - INFO - HTTP Request: POST http://127.0.0.1:8757/api/logs/ "HTTP/1.1 201 Created"
2025-10-19 00:19:27 - ingestion.chunk_embedding_upserting - INFO - ✅ Generated 9 embeddings
2025-10-19 00:19:28 - httpx - INFO - HTTP Request: PUT https://5ef7d200-3b5c-4874-8f95-e621d3d5d429.eu-central-1-0.aws.cloud.qdrant.io:6333/collections/survival_strategies/points?wait=true "HTTP/1.1 200 OK"
2025-10-19 00:19:28 - ingestion.chunk_embedding_upserting - INFO -    ✅ Batch 1 upserted successfully
2025-10-19 00:19:28 - prefect.task_runs - INFO - Finished in state Completed()
2025-10-19 00:19:28 - ingestion.chunk_embedding_upserting - INFO - ✅ household_items_that_could_save_you_in_a_nuclear_war_20251019_001635.json: 9/9 chunks upserted
2025-10-19 00:19:28 - ingestion.chunk_embedding_upserting - INFO - 🧠 Memory usage: 1251.9 MB
2025-10-19 00:19:28 - ingestion.chunk_embedding_upserting - INFO - 
📄 [54/104] Processing how_to_survive_being_pregnant_20251019_001635.json...
2025-10-19 00:19:28 - ingestion.chunk_embedding_upserting - INFO - 🧠 Memory usage: 1251.9 MB
2025-10-19 00:19:28 - ingestion.chunk_embedding_upserting - INFO -    📄 Loaded 6 chunks from how_to_survive_being_pregnant_20251019_001635.json
2025-10-19 00:19:28 - ingestion.chunk_embedding_upserting - INFO -    📊 6 chunks loaded from file
2025-10-19 00:19:28 - ingestion.chunk_embedding_upserting - INFO -    🔄 Batch 1/1 (6 chunks)...
2025-10-19 00:19:28 - ingestion.chunk_embedding_upserting - INFO - 🔢 Generating embeddings for 6 chunks...
2025-10-19 00:19:29 - ingestion.chunk_embedding_upserting - INFO - ✅ Generated 6 embeddings
2025-10-19 00:19:30 - httpx - INFO - HTTP Request: POST http://127.0.0.1:8757/api/logs/ "HTTP/1.1 201 Created"
2025-10-19 00:19:30 - httpx - INFO - HTTP Request: PUT https://5ef7d200-3b5c-4874-8f95-e621d3d5d429.eu-central-1-0.aws.cloud.qdrant.io:6333/collections/survival_strategies/points?wait=true "HTTP/1.1 200 OK"
2025-10-19 00:19:30 - ingestion.chunk_embedding_upserting - INFO -    ✅ Batch 1 upserted successfully
2025-10-19 00:19:30 - prefect.task_runs - INFO - Finished in state Completed()
2025-10-19 00:19:30 - ingestion.chunk_embedding_upserting - INFO - ✅ how_to_survive_being_pregnant_20251019_001635.json: 6/6 chunks upserted
2025-10-19 00:19:31 - ingestion.chunk_embedding_upserting - INFO - 🧠 Memory usage: 1251.9 MB
2025-10-19 00:19:31 - ingestion.chunk_embedding_upserting - INFO - 
📄 [55/104] Processing how_to_survive_2021_20251019_001635.json...
2025-10-19 00:19:31 - ingestion.chunk_embedding_upserting - INFO - 🧠 Memory usage: 1251.9 MB
2025-10-19 00:19:31 - ingestion.chunk_embedding_upserting - INFO -    📄 Loaded 2 chunks from how_to_survive_2021_20251019_001635.json
2025-10-19 00:19:31 - ingestion.chunk_embedding_upserting - INFO -    📊 2 chunks loaded from file
2025-10-19 00:19:31 - ingestion.chunk_embedding_upserting - INFO -    🔄 Batch 1/1 (2 chunks)...
2025-10-19 00:19:31 - ingestion.chunk_embedding_upserting - INFO - 🔢 Generating embeddings for 2 chunks...
2025-10-19 00:19:32 - ingestion.chunk_embedding_upserting - INFO - ✅ Generated 2 embeddings
2025-10-19 00:19:32 - httpx - INFO - HTTP Request: POST http://127.0.0.1:8757/api/logs/ "HTTP/1.1 201 Created"
2025-10-19 00:19:32 - httpx - INFO - HTTP Request: PUT https://5ef7d200-3b5c-4874-8f95-e621d3d5d429.eu-central-1-0.aws.cloud.qdrant.io:6333/collections/survival_strategies/points?wait=true "HTTP/1.1 200 OK"
2025-10-19 00:19:32 - ingestion.chunk_embedding_upserting - INFO -    ✅ Batch 1 upserted successfully
2025-10-19 00:19:32 - prefect.task_runs - INFO - Finished in state Completed()
2025-10-19 00:19:32 - ingestion.chunk_embedding_upserting - INFO - ✅ how_to_survive_2021_20251019_001635.json: 2/2 chunks upserted
2025-10-19 00:19:32 - ingestion.chunk_embedding_upserting - INFO - 🧠 Memory usage: 1251.9 MB
2025-10-19 00:19:32 - ingestion.chunk_embedding_upserting - INFO - 
📄 [56/104] Processing how_to_survive_without_sleep_20251019_001635.json...
2025-10-19 00:19:32 - ingestion.chunk_embedding_upserting - INFO - 🧠 Memory usage: 1251.9 MB
2025-10-19 00:19:32 - ingestion.chunk_embedding_upserting - INFO -    📄 Loaded 6 chunks from how_to_survive_without_sleep_20251019_001635.json
2025-10-19 00:19:32 - ingestion.chunk_embedding_upserting - INFO -    📊 6 chunks loaded from file
2025-10-19 00:19:33 - ingestion.chunk_embedding_upserting - INFO -    🔄 Batch 1/1 (6 chunks)...
2025-10-19 00:19:33 - ingestion.chunk_embedding_upserting - INFO - 🔢 Generating embeddings for 6 chunks...
2025-10-19 00:19:34 - httpx - INFO - HTTP Request: POST http://127.0.0.1:8757/api/logs/ "HTTP/1.1 201 Created"
2025-10-19 00:19:35 - ingestion.chunk_embedding_upserting - INFO - ✅ Generated 6 embeddings
2025-10-19 00:19:35 - httpx - INFO - HTTP Request: PUT https://5ef7d200-3b5c-4874-8f95-e621d3d5d429.eu-central-1-0.aws.cloud.qdrant.io:6333/collections/survival_strategies/points?wait=true "HTTP/1.1 200 OK"
2025-10-19 00:19:35 - ingestion.chunk_embedding_upserting - INFO -    ✅ Batch 1 upserted successfully
2025-10-19 00:19:36 - prefect.task_runs - INFO - Finished in state Completed()
2025-10-19 00:19:36 - ingestion.chunk_embedding_upserting - INFO - ✅ how_to_survive_without_sleep_20251019_001635.json: 6/6 chunks upserted
2025-10-19 00:19:36 - ingestion.chunk_embedding_upserting - INFO - 🧠 Memory usage: 1251.9 MB
2025-10-19 00:19:36 - ingestion.chunk_embedding_upserting - INFO - 
📄 [57/104] Processing how_to_survive_eating_mold_20251019_001635.json...
2025-10-19 00:19:36 - ingestion.chunk_embedding_upserting - INFO - 🧠 Memory usage: 1251.9 MB
2025-10-19 00:19:36 - ingestion.chunk_embedding_upserting - INFO -    📄 Loaded 7 chunks from how_to_survive_eating_mold_20251019_001635.json
2025-10-19 00:19:36 - ingestion.chunk_embedding_upserting - INFO -    📊 7 chunks loaded from file
2025-10-19 00:19:36 - httpx - INFO - HTTP Request: POST http://127.0.0.1:8757/api/logs/ "HTTP/1.1 201 Created"
2025-10-19 00:19:36 - ingestion.chunk_embedding_upserting - INFO -    🔄 Batch 1/1 (7 chunks)...
2025-10-19 00:19:36 - ingestion.chunk_embedding_upserting - INFO - 🔢 Generating embeddings for 7 chunks...
2025-10-19 00:19:37 - ingestion.chunk_embedding_upserting - INFO - ✅ Generated 7 embeddings
2025-10-19 00:19:38 - httpx - INFO - HTTP Request: PUT https://5ef7d200-3b5c-4874-8f95-e621d3d5d429.eu-central-1-0.aws.cloud.qdrant.io:6333/collections/survival_strategies/points?wait=true "HTTP/1.1 200 OK"
2025-10-19 00:19:38 - ingestion.chunk_embedding_upserting - INFO -    ✅ Batch 1 upserted successfully
2025-10-19 00:19:38 - prefect.task_runs - INFO - Finished in state Completed()
2025-10-19 00:19:38 - ingestion.chunk_embedding_upserting - INFO - ✅ how_to_survive_eating_mold_20251019_001635.json: 7/7 chunks upserted
2025-10-19 00:19:38 - ingestion.chunk_embedding_upserting - INFO - 🧠 Memory usage: 1251.9 MB
2025-10-19 00:19:38 - ingestion.chunk_embedding_upserting - INFO - 
📄 [58/104] Processing how_to_survive_the_top_5_most_painful_things_20251019_001635.json...
2025-10-19 00:19:38 - ingestion.chunk_embedding_upserting - INFO - 🧠 Memory usage: 1251.9 MB
2025-10-19 00:19:38 - ingestion.chunk_embedding_upserting - INFO -    📄 Loaded 6 chunks from how_to_survive_the_top_5_most_painful_things_20251019_001635.json
2025-10-19 00:19:38 - ingestion.chunk_embedding_upserting - INFO -    📊 6 chunks loaded from file
2025-10-19 00:19:38 - httpx - INFO - HTTP Request: POST http://127.0.0.1:8757/api/logs/ "HTTP/1.1 201 Created"
2025-10-19 00:19:38 - ingestion.chunk_embedding_upserting - INFO -    🔄 Batch 1/1 (6 chunks)...
2025-10-19 00:19:38 - ingestion.chunk_embedding_upserting - INFO - 🔢 Generating embeddings for 6 chunks...
2025-10-19 00:19:39 - ingestion.chunk_embedding_upserting - INFO - ✅ Generated 6 embeddings
2025-10-19 00:19:40 - httpx - INFO - HTTP Request: PUT https://5ef7d200-3b5c-4874-8f95-e621d3d5d429.eu-central-1-0.aws.cloud.qdrant.io:6333/collections/survival_strategies/points?wait=true "HTTP/1.1 200 OK"
2025-10-19 00:19:40 - ingestion.chunk_embedding_upserting - INFO -    ✅ Batch 1 upserted successfully
2025-10-19 00:19:40 - prefect.task_runs - INFO - Finished in state Completed()
2025-10-19 00:19:40 - ingestion.chunk_embedding_upserting - INFO - ✅ how_to_survive_the_top_5_most_painful_things_20251019_001635.json: 6/6 chunks upserted
2025-10-19 00:19:41 - ingestion.chunk_embedding_upserting - INFO - 🧠 Memory usage: 1251.9 MB
2025-10-19 00:19:41 - ingestion.chunk_embedding_upserting - INFO - 
📄 [59/104] Processing how_to_survive_eating_the_worlds_hottest_pepper_20251019_001635.json...
2025-10-19 00:19:41 - ingestion.chunk_embedding_upserting - INFO - 🧠 Memory usage: 1251.9 MB
2025-10-19 00:19:41 - ingestion.chunk_embedding_upserting - INFO -    📄 Loaded 7 chunks from how_to_survive_eating_the_worlds_hottest_pepper_20251019_001635.json
2025-10-19 00:19:41 - ingestion.chunk_embedding_upserting - INFO -    📊 7 chunks loaded from file
2025-10-19 00:19:41 - ingestion.chunk_embedding_upserting - INFO -    🔄 Batch 1/1 (7 chunks)...
2025-10-19 00:19:41 - ingestion.chunk_embedding_upserting - INFO - 🔢 Generating embeddings for 7 chunks...
2025-10-19 00:19:42 - ingestion.chunk_embedding_upserting - INFO - ✅ Generated 7 embeddings
2025-10-19 00:19:42 - httpx - INFO - HTTP Request: POST http://127.0.0.1:8757/api/logs/ "HTTP/1.1 201 Created"
2025-10-19 00:19:43 - httpx - INFO - HTTP Request: PUT https://5ef7d200-3b5c-4874-8f95-e621d3d5d429.eu-central-1-0.aws.cloud.qdrant.io:6333/collections/survival_strategies/points?wait=true "HTTP/1.1 200 OK"
2025-10-19 00:19:43 - ingestion.chunk_embedding_upserting - INFO -    ✅ Batch 1 upserted successfully
2025-10-19 00:19:43 - prefect.task_runs - INFO - Finished in state Completed()
2025-10-19 00:19:43 - ingestion.chunk_embedding_upserting - INFO - ✅ how_to_survive_eating_the_worlds_hottest_pepper_20251019_001635.json: 7/7 chunks upserted
2025-10-19 00:19:43 - ingestion.chunk_embedding_upserting - INFO - 🧠 Memory usage: 1251.9 MB
2025-10-19 00:19:43 - ingestion.chunk_embedding_upserting - INFO - 
📄 [60/104] Processing how_to_survive_giving_birth_in_a_car_20251019_001635.json...
2025-10-19 00:19:43 - ingestion.chunk_embedding_upserting - INFO - 🧠 Memory usage: 1251.9 MB
2025-10-19 00:19:43 - ingestion.chunk_embedding_upserting - INFO -    📄 Loaded 1 chunks from how_to_survive_giving_birth_in_a_car_20251019_001635.json
2025-10-19 00:19:43 - ingestion.chunk_embedding_upserting - INFO -    📊 1 chunks loaded from file
2025-10-19 00:19:43 - ingestion.chunk_embedding_upserting - INFO -    🔄 Batch 1/1 (1 chunks)...
2025-10-19 00:19:43 - ingestion.chunk_embedding_upserting - INFO - 🔢 Generating embeddings for 1 chunks...
2025-10-19 00:19:43 - ingestion.chunk_embedding_upserting - INFO - ✅ Generated 1 embeddings
2025-10-19 00:19:44 - httpx - INFO - HTTP Request: PUT https://5ef7d200-3b5c-4874-8f95-e621d3d5d429.eu-central-1-0.aws.cloud.qdrant.io:6333/collections/survival_strategies/points?wait=true "HTTP/1.1 200 OK"
2025-10-19 00:19:44 - ingestion.chunk_embedding_upserting - INFO -    ✅ Batch 1 upserted successfully
2025-10-19 00:19:44 - prefect.task_runs - INFO - Finished in state Completed()
2025-10-19 00:19:44 - ingestion.chunk_embedding_upserting - INFO - ✅ how_to_survive_giving_birth_in_a_car_20251019_001635.json: 1/1 chunks upserted
2025-10-19 00:19:44 - ingestion.chunk_embedding_upserting - INFO - 🧠 Memory usage: 1251.9 MB
2025-10-19 00:19:44 - ingestion.chunk_embedding_upserting - INFO - 
📄 [61/104] Processing how_to_survive_an_opening_sinkhole_20251019_001635.json...
2025-10-19 00:19:44 - ingestion.chunk_embedding_upserting - INFO - 🧠 Memory usage: 1251.9 MB
2025-10-19 00:19:44 - ingestion.chunk_embedding_upserting - INFO -    📄 Loaded 6 chunks from how_to_survive_an_opening_sinkhole_20251019_001635.json
2025-10-19 00:19:44 - ingestion.chunk_embedding_upserting - INFO -    📊 6 chunks loaded from file
2025-10-19 00:19:44 - ingestion.chunk_embedding_upserting - INFO -    🔄 Batch 1/1 (6 chunks)...
2025-10-19 00:19:44 - ingestion.chunk_embedding_upserting - INFO - 🔢 Generating embeddings for 6 chunks...
2025-10-19 00:19:44 - httpx - INFO - HTTP Request: POST http://127.0.0.1:8757/api/logs/ "HTTP/1.1 201 Created"
2025-10-19 00:19:45 - ingestion.chunk_embedding_upserting - INFO - ✅ Generated 6 embeddings
2025-10-19 00:19:46 - httpx - INFO - HTTP Request: PUT https://5ef7d200-3b5c-4874-8f95-e621d3d5d429.eu-central-1-0.aws.cloud.qdrant.io:6333/collections/survival_strategies/points?wait=true "HTTP/1.1 200 OK"
2025-10-19 00:19:46 - ingestion.chunk_embedding_upserting - INFO -    ✅ Batch 1 upserted successfully
2025-10-19 00:19:46 - prefect.task_runs - INFO - Finished in state Completed()
2025-10-19 00:19:46 - ingestion.chunk_embedding_upserting - INFO - ✅ how_to_survive_an_opening_sinkhole_20251019_001635.json: 6/6 chunks upserted
2025-10-19 00:19:46 - ingestion.chunk_embedding_upserting - INFO - 🧠 Memory usage: 1251.9 MB
2025-10-19 00:19:46 - ingestion.chunk_embedding_upserting - INFO - 
📄 [62/104] Processing how_to_survive_a_heat_wave_according_to_science_20251019_001635.json...
2025-10-19 00:19:46 - ingestion.chunk_embedding_upserting - INFO - 🧠 Memory usage: 1251.9 MB
2025-10-19 00:19:46 - ingestion.chunk_embedding_upserting - INFO -    📄 Loaded 7 chunks from how_to_survive_a_heat_wave_according_to_science_20251019_001635.json
2025-10-19 00:19:46 - ingestion.chunk_embedding_upserting - INFO -    📊 7 chunks loaded from file
2025-10-19 00:19:46 - ingestion.chunk_embedding_upserting - INFO -    🔄 Batch 1/1 (7 chunks)...
2025-10-19 00:19:46 - ingestion.chunk_embedding_upserting - INFO - 🔢 Generating embeddings for 7 chunks...
2025-10-19 00:19:48 - ingestion.chunk_embedding_upserting - INFO - ✅ Generated 7 embeddings
2025-10-19 00:19:48 - httpx - INFO - HTTP Request: POST http://127.0.0.1:8757/api/logs/ "HTTP/1.1 201 Created"
2025-10-19 00:19:48 - httpx - INFO - HTTP Request: PUT https://5ef7d200-3b5c-4874-8f95-e621d3d5d429.eu-central-1-0.aws.cloud.qdrant.io:6333/collections/survival_strategies/points?wait=true "HTTP/1.1 200 OK"
2025-10-19 00:19:48 - ingestion.chunk_embedding_upserting - INFO -    ✅ Batch 1 upserted successfully
2025-10-19 00:19:48 - prefect.task_runs - INFO - Finished in state Completed()
2025-10-19 00:19:48 - ingestion.chunk_embedding_upserting - INFO - ✅ how_to_survive_a_heat_wave_according_to_science_20251019_001635.json: 7/7 chunks upserted
2025-10-19 00:19:49 - ingestion.chunk_embedding_upserting - INFO - 🧠 Memory usage: 1251.9 MB
2025-10-19 00:19:49 - ingestion.chunk_embedding_upserting - INFO - 
📄 [63/104] Processing how_to_survive_a_wildfire_20251019_001635.json...
2025-10-19 00:19:49 - ingestion.chunk_embedding_upserting - INFO - 🧠 Memory usage: 1251.9 MB
2025-10-19 00:19:49 - ingestion.chunk_embedding_upserting - INFO -    📄 Loaded 7 chunks from how_to_survive_a_wildfire_20251019_001635.json
2025-10-19 00:19:49 - ingestion.chunk_embedding_upserting - INFO -    📊 7 chunks loaded from file
2025-10-19 00:19:49 - ingestion.chunk_embedding_upserting - INFO -    🔄 Batch 1/1 (7 chunks)...
2025-10-19 00:19:49 - ingestion.chunk_embedding_upserting - INFO - 🔢 Generating embeddings for 7 chunks...
2025-10-19 00:19:50 - ingestion.chunk_embedding_upserting - INFO - ✅ Generated 7 embeddings
2025-10-19 00:19:50 - httpx - INFO - HTTP Request: POST http://127.0.0.1:8757/api/logs/ "HTTP/1.1 201 Created"
2025-10-19 00:19:51 - httpx - INFO - HTTP Request: PUT https://5ef7d200-3b5c-4874-8f95-e621d3d5d429.eu-central-1-0.aws.cloud.qdrant.io:6333/collections/survival_strategies/points?wait=true "HTTP/1.1 200 OK"
2025-10-19 00:19:51 - ingestion.chunk_embedding_upserting - INFO -    ✅ Batch 1 upserted successfully
2025-10-19 00:19:51 - prefect.task_runs - INFO - Finished in state Completed()
2025-10-19 00:19:51 - ingestion.chunk_embedding_upserting - INFO - ✅ how_to_survive_a_wildfire_20251019_001635.json: 7/7 chunks upserted
2025-10-19 00:19:51 - ingestion.chunk_embedding_upserting - INFO - 🧠 Memory usage: 1251.9 MB
2025-10-19 00:19:51 - ingestion.chunk_embedding_upserting - INFO - 
📄 [64/104] Processing how_to_survive_a_fire_according_to_science_20251019_001635.json...
2025-10-19 00:19:51 - ingestion.chunk_embedding_upserting - INFO - 🧠 Memory usage: 1251.9 MB
2025-10-19 00:19:51 - ingestion.chunk_embedding_upserting - INFO -    📄 Loaded 7 chunks from how_to_survive_a_fire_according_to_science_20251019_001635.json
2025-10-19 00:19:51 - ingestion.chunk_embedding_upserting - INFO -    📊 7 chunks loaded from file
2025-10-19 00:19:52 - ingestion.chunk_embedding_upserting - INFO -    🔄 Batch 1/1 (7 chunks)...
2025-10-19 00:19:52 - ingestion.chunk_embedding_upserting - INFO - 🔢 Generating embeddings for 7 chunks...
2025-10-19 00:19:52 - httpx - INFO - HTTP Request: POST http://127.0.0.1:8757/api/logs/ "HTTP/1.1 201 Created"
2025-10-19 00:19:53 - ingestion.chunk_embedding_upserting - INFO - ✅ Generated 7 embeddings
2025-10-19 00:19:54 - httpx - INFO - HTTP Request: PUT https://5ef7d200-3b5c-4874-8f95-e621d3d5d429.eu-central-1-0.aws.cloud.qdrant.io:6333/collections/survival_strategies/points?wait=true "HTTP/1.1 200 OK"
2025-10-19 00:19:54 - ingestion.chunk_embedding_upserting - INFO -    ✅ Batch 1 upserted successfully
2025-10-19 00:19:54 - prefect.task_runs - INFO - Finished in state Completed()
2025-10-19 00:19:54 - ingestion.chunk_embedding_upserting - INFO - ✅ how_to_survive_a_fire_according_to_science_20251019_001635.json: 7/7 chunks upserted
2025-10-19 00:19:54 - ingestion.chunk_embedding_upserting - INFO - 🧠 Memory usage: 1251.9 MB
2025-10-19 00:19:54 - ingestion.chunk_embedding_upserting - INFO - 
📄 [65/104] Processing how_to_survive_being_depressed_20251019_001635.json...
2025-10-19 00:19:54 - ingestion.chunk_embedding_upserting - INFO - 🧠 Memory usage: 1251.9 MB
2025-10-19 00:19:54 - ingestion.chunk_embedding_upserting - INFO -    📄 Loaded 7 chunks from how_to_survive_being_depressed_20251019_001635.json
2025-10-19 00:19:54 - ingestion.chunk_embedding_upserting - INFO -    📊 7 chunks loaded from file
2025-10-19 00:19:54 - ingestion.chunk_embedding_upserting - INFO -    🔄 Batch 1/1 (7 chunks)...
2025-10-19 00:19:54 - ingestion.chunk_embedding_upserting - INFO - 🔢 Generating embeddings for 7 chunks...
2025-10-19 00:19:54 - httpx - INFO - HTTP Request: POST http://127.0.0.1:8757/api/logs/ "HTTP/1.1 201 Created"
2025-10-19 00:19:56 - ingestion.chunk_embedding_upserting - INFO - ✅ Generated 7 embeddings
2025-10-19 00:19:56 - httpx - INFO - HTTP Request: PUT https://5ef7d200-3b5c-4874-8f95-e621d3d5d429.eu-central-1-0.aws.cloud.qdrant.io:6333/collections/survival_strategies/points?wait=true "HTTP/1.1 200 OK"
2025-10-19 00:19:56 - ingestion.chunk_embedding_upserting - INFO -    ✅ Batch 1 upserted successfully
2025-10-19 00:19:57 - prefect.task_runs - INFO - Finished in state Completed()
2025-10-19 00:19:57 - ingestion.chunk_embedding_upserting - INFO - ✅ how_to_survive_being_depressed_20251019_001635.json: 7/7 chunks upserted
2025-10-19 00:19:57 - ingestion.chunk_embedding_upserting - INFO - 🧠 Memory usage: 1252.2 MB
2025-10-19 00:19:57 - ingestion.chunk_embedding_upserting - INFO - 
📄 [66/104] Processing how_to_survive_the_safest_places_to_hide_during_an_undead_apocalypse_20251019_001635.json...
2025-10-19 00:19:57 - ingestion.chunk_embedding_upserting - INFO - 🧠 Memory usage: 1252.2 MB
2025-10-19 00:19:57 - ingestion.chunk_embedding_upserting - INFO -    📄 Loaded 7 chunks from how_to_survive_the_safest_places_to_hide_during_an_undead_apocalypse_20251019_001635.json
2025-10-19 00:19:57 - ingestion.chunk_embedding_upserting - INFO -    📊 7 chunks loaded from file
2025-10-19 00:19:57 - ingestion.chunk_embedding_upserting - INFO -    🔄 Batch 1/1 (7 chunks)...
2025-10-19 00:19:57 - ingestion.chunk_embedding_upserting - INFO - 🔢 Generating embeddings for 7 chunks...
2025-10-19 00:19:59 - httpx - INFO - HTTP Request: POST http://127.0.0.1:8757/api/logs/ "HTTP/1.1 201 Created"
2025-10-19 00:20:01 - ingestion.chunk_embedding_upserting - INFO - ✅ Generated 7 embeddings
2025-10-19 00:20:02 - httpx - INFO - HTTP Request: PUT https://5ef7d200-3b5c-4874-8f95-e621d3d5d429.eu-central-1-0.aws.cloud.qdrant.io:6333/collections/survival_strategies/points?wait=true "HTTP/1.1 200 OK"
2025-10-19 00:20:02 - ingestion.chunk_embedding_upserting - INFO -    ✅ Batch 1 upserted successfully
2025-10-19 00:20:02 - prefect.task_runs - INFO - Finished in state Completed()
2025-10-19 00:20:02 - ingestion.chunk_embedding_upserting - INFO - ✅ how_to_survive_the_safest_places_to_hide_during_an_undead_apocalypse_20251019_001635.json: 7/7 chunks upserted
2025-10-19 00:20:02 - ingestion.chunk_embedding_upserting - INFO - 🧠 Memory usage: 1284.6 MB
2025-10-19 00:20:02 - ingestion.chunk_embedding_upserting - INFO - 
📄 [67/104] Processing ai_predicts_a_massive_asteroid_strike_on_earth_20251019_001635.json...
2025-10-19 00:20:02 - ingestion.chunk_embedding_upserting - INFO - 🧠 Memory usage: 1284.6 MB
2025-10-19 00:20:02 - ingestion.chunk_embedding_upserting - INFO -    📄 Loaded 7 chunks from ai_predicts_a_massive_asteroid_strike_on_earth_20251019_001635.json
2025-10-19 00:20:02 - ingestion.chunk_embedding_upserting - INFO -    📊 7 chunks loaded from file
2025-10-19 00:20:02 - ingestion.chunk_embedding_upserting - INFO -    🔄 Batch 1/1 (7 chunks)...
2025-10-19 00:20:02 - ingestion.chunk_embedding_upserting - INFO - 🔢 Generating embeddings for 7 chunks...
2025-10-19 00:20:03 - httpx - INFO - HTTP Request: POST http://127.0.0.1:8757/api/logs/ "HTTP/1.1 201 Created"
2025-10-19 00:20:04 - ingestion.chunk_embedding_upserting - INFO - ✅ Generated 7 embeddings
2025-10-19 00:20:05 - httpx - INFO - HTTP Request: PUT https://5ef7d200-3b5c-4874-8f95-e621d3d5d429.eu-central-1-0.aws.cloud.qdrant.io:6333/collections/survival_strategies/points?wait=true "HTTP/1.1 200 OK"
2025-10-19 00:20:05 - ingestion.chunk_embedding_upserting - INFO -    ✅ Batch 1 upserted successfully
2025-10-19 00:20:05 - prefect.task_runs - INFO - Finished in state Completed()
2025-10-19 00:20:05 - ingestion.chunk_embedding_upserting - INFO - ✅ ai_predicts_a_massive_asteroid_strike_on_earth_20251019_001635.json: 7/7 chunks upserted
2025-10-19 00:20:06 - ingestion.chunk_embedding_upserting - INFO - 🧠 Memory usage: 1284.9 MB
2025-10-19 00:20:06 - ingestion.chunk_embedding_upserting - INFO - 
📄 [68/104] Processing how_to_survive_the_7_most_dangerous_childbirth_complications_20251019_001635.json...
2025-10-19 00:20:06 - ingestion.chunk_embedding_upserting - INFO - 🧠 Memory usage: 1284.9 MB
2025-10-19 00:20:06 - ingestion.chunk_embedding_upserting - INFO -    📄 Loaded 7 chunks from how_to_survive_the_7_most_dangerous_childbirth_complications_20251019_001635.json
2025-10-19 00:20:06 - ingestion.chunk_embedding_upserting - INFO -    📊 7 chunks loaded from file
2025-10-19 00:20:06 - ingestion.chunk_embedding_upserting - INFO -    🔄 Batch 1/1 (7 chunks)...
2025-10-19 00:20:06 - ingestion.chunk_embedding_upserting - INFO - 🔢 Generating embeddings for 7 chunks...
2025-10-19 00:20:07 - httpx - INFO - HTTP Request: POST http://127.0.0.1:8757/api/logs/ "HTTP/1.1 201 Created"
2025-10-19 00:20:09 - ingestion.chunk_embedding_upserting - INFO - ✅ Generated 7 embeddings
2025-10-19 00:20:10 - httpx - INFO - HTTP Request: PUT https://5ef7d200-3b5c-4874-8f95-e621d3d5d429.eu-central-1-0.aws.cloud.qdrant.io:6333/collections/survival_strategies/points?wait=true "HTTP/1.1 200 OK"
2025-10-19 00:20:10 - ingestion.chunk_embedding_upserting - INFO -    ✅ Batch 1 upserted successfully
2025-10-19 00:20:10 - prefect.task_runs - INFO - Finished in state Completed()
2025-10-19 00:20:10 - ingestion.chunk_embedding_upserting - INFO - ✅ how_to_survive_the_7_most_dangerous_childbirth_complications_20251019_001635.json: 7/7 chunks upserted
2025-10-19 00:20:10 - ingestion.chunk_embedding_upserting - INFO - 🧠 Memory usage: 1285.1 MB
2025-10-19 00:20:10 - ingestion.chunk_embedding_upserting - INFO - 
📄 [69/104] Processing how_to_survive_a_flood_according_to_science_20251019_001635.json...
2025-10-19 00:20:10 - ingestion.chunk_embedding_upserting - INFO - 🧠 Memory usage: 1285.1 MB
2025-10-19 00:20:10 - ingestion.chunk_embedding_upserting - INFO -    📄 Loaded 8 chunks from how_to_survive_a_flood_according_to_science_20251019_001635.json
2025-10-19 00:20:10 - ingestion.chunk_embedding_upserting - INFO -    📊 8 chunks loaded from file
2025-10-19 00:20:10 - ingestion.chunk_embedding_upserting - INFO -    🔄 Batch 1/1 (8 chunks)...
2025-10-19 00:20:10 - ingestion.chunk_embedding_upserting - INFO - 🔢 Generating embeddings for 8 chunks...
2025-10-19 00:20:11 - httpx - INFO - HTTP Request: POST http://127.0.0.1:8757/api/logs/ "HTTP/1.1 201 Created"
2025-10-19 00:20:13 - ingestion.chunk_embedding_upserting - INFO - ✅ Generated 8 embeddings
2025-10-19 00:20:14 - httpx - INFO - HTTP Request: PUT https://5ef7d200-3b5c-4874-8f95-e621d3d5d429.eu-central-1-0.aws.cloud.qdrant.io:6333/collections/survival_strategies/points?wait=true "HTTP/1.1 200 OK"
2025-10-19 00:20:14 - ingestion.chunk_embedding_upserting - INFO -    ✅ Batch 1 upserted successfully
2025-10-19 00:20:14 - prefect.task_runs - INFO - Finished in state Completed()
2025-10-19 00:20:14 - ingestion.chunk_embedding_upserting - INFO - ✅ how_to_survive_a_flood_according_to_science_20251019_001635.json: 8/8 chunks upserted
2025-10-19 00:20:14 - ingestion.chunk_embedding_upserting - INFO - 🧠 Memory usage: 1285.1 MB
2025-10-19 00:20:14 - ingestion.chunk_embedding_upserting - INFO - 
📄 [70/104] Processing how_to_survive_falling_into_quicksand_20251019_001635.json...
2025-10-19 00:20:14 - ingestion.chunk_embedding_upserting - INFO - 🧠 Memory usage: 1285.1 MB
2025-10-19 00:20:14 - ingestion.chunk_embedding_upserting - INFO -    📄 Loaded 8 chunks from how_to_survive_falling_into_quicksand_20251019_001635.json
2025-10-19 00:20:14 - ingestion.chunk_embedding_upserting - INFO -    📊 8 chunks loaded from file
2025-10-19 00:20:15 - ingestion.chunk_embedding_upserting - INFO -    🔄 Batch 1/1 (8 chunks)...
2025-10-19 00:20:15 - ingestion.chunk_embedding_upserting - INFO - 🔢 Generating embeddings for 8 chunks...
2025-10-19 00:20:15 - httpx - INFO - HTTP Request: POST http://127.0.0.1:8757/api/logs/ "HTTP/1.1 201 Created"
2025-10-19 00:20:17 - ingestion.chunk_embedding_upserting - INFO - ✅ Generated 8 embeddings
2025-10-19 00:20:17 - httpx - INFO - HTTP Request: PUT https://5ef7d200-3b5c-4874-8f95-e621d3d5d429.eu-central-1-0.aws.cloud.qdrant.io:6333/collections/survival_strategies/points?wait=true "HTTP/1.1 200 OK"
2025-10-19 00:20:17 - ingestion.chunk_embedding_upserting - INFO -    ✅ Batch 1 upserted successfully
2025-10-19 00:20:17 - prefect.task_runs - INFO - Finished in state Completed()
2025-10-19 00:20:17 - ingestion.chunk_embedding_upserting - INFO - ✅ how_to_survive_falling_into_quicksand_20251019_001635.json: 8/8 chunks upserted
2025-10-19 00:20:18 - ingestion.chunk_embedding_upserting - INFO - 🧠 Memory usage: 1285.1 MB
2025-10-19 00:20:18 - ingestion.chunk_embedding_upserting - INFO - 
📄 [71/104] Processing how_to_survive_a_week_in_a_bathtub_20251019_001635.json...
2025-10-19 00:20:18 - ingestion.chunk_embedding_upserting - INFO - 🧠 Memory usage: 1285.1 MB
2025-10-19 00:20:18 - ingestion.chunk_embedding_upserting - INFO -    📄 Loaded 5 chunks from how_to_survive_a_week_in_a_bathtub_20251019_001635.json
2025-10-19 00:20:18 - ingestion.chunk_embedding_upserting - INFO -    📊 5 chunks loaded from file
2025-10-19 00:20:18 - ingestion.chunk_embedding_upserting - INFO -    🔄 Batch 1/1 (5 chunks)...
2025-10-19 00:20:18 - ingestion.chunk_embedding_upserting - INFO - 🔢 Generating embeddings for 5 chunks...
2025-10-19 00:20:19 - httpx - INFO - HTTP Request: POST http://127.0.0.1:8757/api/logs/ "HTTP/1.1 201 Created"
2025-10-19 00:20:20 - ingestion.chunk_embedding_upserting - INFO - ✅ Generated 5 embeddings
2025-10-19 00:20:20 - httpx - INFO - HTTP Request: PUT https://5ef7d200-3b5c-4874-8f95-e621d3d5d429.eu-central-1-0.aws.cloud.qdrant.io:6333/collections/survival_strategies/points?wait=true "HTTP/1.1 200 OK"
2025-10-19 00:20:20 - ingestion.chunk_embedding_upserting - INFO -    ✅ Batch 1 upserted successfully
2025-10-19 00:20:21 - prefect.task_runs - INFO - Finished in state Completed()
2025-10-19 00:20:21 - ingestion.chunk_embedding_upserting - INFO - ✅ how_to_survive_a_week_in_a_bathtub_20251019_001635.json: 5/5 chunks upserted
2025-10-19 00:20:21 - ingestion.chunk_embedding_upserting - INFO - 🧠 Memory usage: 1285.1 MB
2025-10-19 00:20:21 - ingestion.chunk_embedding_upserting - INFO - 
📄 [72/104] Processing how_to_survive_with_no_food_or_water_20251019_001635.json...
2025-10-19 00:20:21 - ingestion.chunk_embedding_upserting - INFO - 🧠 Memory usage: 1285.1 MB
2025-10-19 00:20:21 - ingestion.chunk_embedding_upserting - INFO -    📄 Loaded 9 chunks from how_to_survive_with_no_food_or_water_20251019_001635.json
2025-10-19 00:20:21 - ingestion.chunk_embedding_upserting - INFO -    📊 9 chunks loaded from file
2025-10-19 00:20:21 - ingestion.chunk_embedding_upserting - INFO -    🔄 Batch 1/1 (9 chunks)...
2025-10-19 00:20:21 - ingestion.chunk_embedding_upserting - INFO - 🔢 Generating embeddings for 9 chunks...
2025-10-19 00:20:21 - httpx - INFO - HTTP Request: POST http://127.0.0.1:8757/api/logs/ "HTTP/1.1 201 Created"
2025-10-19 00:20:22 - ingestion.chunk_embedding_upserting - INFO - ✅ Generated 9 embeddings
2025-10-19 00:20:23 - httpx - INFO - HTTP Request: PUT https://5ef7d200-3b5c-4874-8f95-e621d3d5d429.eu-central-1-0.aws.cloud.qdrant.io:6333/collections/survival_strategies/points?wait=true "HTTP/1.1 200 OK"
2025-10-19 00:20:23 - ingestion.chunk_embedding_upserting - INFO -    ✅ Batch 1 upserted successfully
2025-10-19 00:20:23 - prefect.task_runs - INFO - Finished in state Completed()
2025-10-19 00:20:23 - ingestion.chunk_embedding_upserting - INFO - ✅ how_to_survive_with_no_food_or_water_20251019_001635.json: 9/9 chunks upserted
2025-10-19 00:20:23 - ingestion.chunk_embedding_upserting - INFO - 🧠 Memory usage: 1285.1 MB
2025-10-19 00:20:23 - ingestion.chunk_embedding_upserting - INFO - 
📄 [73/104] Processing how_to_survive_being_trapped_in_a_mine_20251019_001635.json...
2025-10-19 00:20:23 - ingestion.chunk_embedding_upserting - INFO - 🧠 Memory usage: 1285.1 MB
2025-10-19 00:20:23 - ingestion.chunk_embedding_upserting - INFO -    📄 Loaded 6 chunks from how_to_survive_being_trapped_in_a_mine_20251019_001635.json
2025-10-19 00:20:23 - ingestion.chunk_embedding_upserting - INFO -    📊 6 chunks loaded from file
2025-10-19 00:20:23 - httpx - INFO - HTTP Request: POST http://127.0.0.1:8757/api/logs/ "HTTP/1.1 201 Created"
2025-10-19 00:20:24 - ingestion.chunk_embedding_upserting - INFO -    🔄 Batch 1/1 (6 chunks)...
2025-10-19 00:20:24 - ingestion.chunk_embedding_upserting - INFO - 🔢 Generating embeddings for 6 chunks...
2025-10-19 00:20:25 - ingestion.chunk_embedding_upserting - INFO - ✅ Generated 6 embeddings
2025-10-19 00:20:26 - httpx - INFO - HTTP Request: PUT https://5ef7d200-3b5c-4874-8f95-e621d3d5d429.eu-central-1-0.aws.cloud.qdrant.io:6333/collections/survival_strategies/points?wait=true "HTTP/1.1 200 OK"
2025-10-19 00:20:26 - ingestion.chunk_embedding_upserting - INFO -    ✅ Batch 1 upserted successfully
2025-10-19 00:20:26 - prefect.task_runs - INFO - Finished in state Completed()
2025-10-19 00:20:26 - ingestion.chunk_embedding_upserting - INFO - ✅ how_to_survive_being_trapped_in_a_mine_20251019_001635.json: 6/6 chunks upserted
2025-10-19 00:20:26 - ingestion.chunk_embedding_upserting - INFO - 🧠 Memory usage: 1285.1 MB
2025-10-19 00:20:26 - ingestion.chunk_embedding_upserting - INFO - 
📄 [74/104] Processing how_to_survive_a_nuclear_meltdown_20251019_001635.json...
2025-10-19 00:20:26 - ingestion.chunk_embedding_upserting - INFO - 🧠 Memory usage: 1285.1 MB
2025-10-19 00:20:26 - ingestion.chunk_embedding_upserting - INFO -    📄 Loaded 5 chunks from how_to_survive_a_nuclear_meltdown_20251019_001635.json
2025-10-19 00:20:26 - ingestion.chunk_embedding_upserting - INFO -    📊 5 chunks loaded from file
2025-10-19 00:20:26 - ingestion.chunk_embedding_upserting - INFO -    🔄 Batch 1/1 (5 chunks)...
2025-10-19 00:20:26 - ingestion.chunk_embedding_upserting - INFO - 🔢 Generating embeddings for 5 chunks...
2025-10-19 00:20:28 - httpx - INFO - HTTP Request: POST http://127.0.0.1:8757/api/logs/ "HTTP/1.1 201 Created"
2025-10-19 00:20:28 - ingestion.chunk_embedding_upserting - INFO - ✅ Generated 5 embeddings
2025-10-19 00:20:29 - httpx - INFO - HTTP Request: PUT https://5ef7d200-3b5c-4874-8f95-e621d3d5d429.eu-central-1-0.aws.cloud.qdrant.io:6333/collections/survival_strategies/points?wait=true "HTTP/1.1 200 OK"
2025-10-19 00:20:29 - ingestion.chunk_embedding_upserting - INFO -    ✅ Batch 1 upserted successfully
2025-10-19 00:20:29 - prefect.task_runs - INFO - Finished in state Completed()
2025-10-19 00:20:29 - ingestion.chunk_embedding_upserting - INFO - ✅ how_to_survive_a_nuclear_meltdown_20251019_001635.json: 5/5 chunks upserted
2025-10-19 00:20:29 - ingestion.chunk_embedding_upserting - INFO - 🧠 Memory usage: 1285.1 MB
2025-10-19 00:20:29 - ingestion.chunk_embedding_upserting - INFO - 
📄 [75/104] Processing 7_things_you_should_never_do_during_sleep_paralysis_20251019_001635.json...
2025-10-19 00:20:29 - ingestion.chunk_embedding_upserting - INFO - 🧠 Memory usage: 1285.1 MB
2025-10-19 00:20:29 - ingestion.chunk_embedding_upserting - INFO -    📄 Loaded 8 chunks from 7_things_you_should_never_do_during_sleep_paralysis_20251019_001635.json
2025-10-19 00:20:29 - ingestion.chunk_embedding_upserting - INFO -    📊 8 chunks loaded from file
2025-10-19 00:20:29 - ingestion.chunk_embedding_upserting - INFO -    🔄 Batch 1/1 (8 chunks)...
2025-10-19 00:20:29 - ingestion.chunk_embedding_upserting - INFO - 🔢 Generating embeddings for 8 chunks...
2025-10-19 00:20:30 - httpx - INFO - HTTP Request: POST http://127.0.0.1:8757/api/logs/ "HTTP/1.1 201 Created"
2025-10-19 00:20:34 - ingestion.chunk_embedding_upserting - INFO - ✅ Generated 8 embeddings
2025-10-19 00:20:34 - httpx - INFO - HTTP Request: PUT https://5ef7d200-3b5c-4874-8f95-e621d3d5d429.eu-central-1-0.aws.cloud.qdrant.io:6333/collections/survival_strategies/points?wait=true "HTTP/1.1 200 OK"
2025-10-19 00:20:34 - ingestion.chunk_embedding_upserting - INFO -    ✅ Batch 1 upserted successfully
2025-10-19 00:20:35 - prefect.task_runs - INFO - Finished in state Completed()
2025-10-19 00:20:35 - ingestion.chunk_embedding_upserting - INFO - ✅ 7_things_you_should_never_do_during_sleep_paralysis_20251019_001635.json: 8/8 chunks upserted
2025-10-19 00:20:35 - ingestion.chunk_embedding_upserting - INFO - 🧠 Memory usage: 1285.1 MB
2025-10-19 00:20:35 - ingestion.chunk_embedding_upserting - INFO - 
📄 [76/104] Processing how_to_survive_the_black_plague_20251019_001635.json...
2025-10-19 00:20:35 - ingestion.chunk_embedding_upserting - INFO - 🧠 Memory usage: 1285.1 MB
2025-10-19 00:20:35 - ingestion.chunk_embedding_upserting - INFO -    📄 Loaded 8 chunks from how_to_survive_the_black_plague_20251019_001635.json
2025-10-19 00:20:35 - ingestion.chunk_embedding_upserting - INFO -    📊 8 chunks loaded from file
2025-10-19 00:20:35 - ingestion.chunk_embedding_upserting - INFO -    🔄 Batch 1/1 (8 chunks)...
2025-10-19 00:20:35 - ingestion.chunk_embedding_upserting - INFO - 🔢 Generating embeddings for 8 chunks...
2025-10-19 00:20:36 - httpx - INFO - HTTP Request: POST http://127.0.0.1:8757/api/logs/ "HTTP/1.1 201 Created"
2025-10-19 00:20:37 - ingestion.chunk_embedding_upserting - INFO - ✅ Generated 8 embeddings
2025-10-19 00:20:38 - httpx - INFO - HTTP Request: PUT https://5ef7d200-3b5c-4874-8f95-e621d3d5d429.eu-central-1-0.aws.cloud.qdrant.io:6333/collections/survival_strategies/points?wait=true "HTTP/1.1 200 OK"
2025-10-19 00:20:38 - ingestion.chunk_embedding_upserting - INFO -    ✅ Batch 1 upserted successfully
2025-10-19 00:20:38 - prefect.task_runs - INFO - Finished in state Completed()
2025-10-19 00:20:38 - ingestion.chunk_embedding_upserting - INFO - ✅ how_to_survive_the_black_plague_20251019_001635.json: 8/8 chunks upserted
2025-10-19 00:20:38 - ingestion.chunk_embedding_upserting - INFO - 🧠 Memory usage: 1285.1 MB
2025-10-19 00:20:38 - ingestion.chunk_embedding_upserting - INFO - 
📄 [77/104] Processing how_to_survive_the_most_dangerous_hikes_in_the_world_20251019_001635.json...
2025-10-19 00:20:38 - ingestion.chunk_embedding_upserting - INFO - 🧠 Memory usage: 1285.1 MB
2025-10-19 00:20:38 - ingestion.chunk_embedding_upserting - INFO -    📄 Loaded 6 chunks from how_to_survive_the_most_dangerous_hikes_in_the_world_20251019_001635.json
2025-10-19 00:20:38 - ingestion.chunk_embedding_upserting - INFO -    📊 6 chunks loaded from file
2025-10-19 00:20:38 - ingestion.chunk_embedding_upserting - INFO -    🔄 Batch 1/1 (6 chunks)...
2025-10-19 00:20:38 - ingestion.chunk_embedding_upserting - INFO - 🔢 Generating embeddings for 6 chunks...
2025-10-19 00:20:40 - httpx - INFO - HTTP Request: POST http://127.0.0.1:8757/api/logs/ "HTTP/1.1 201 Created"
2025-10-19 00:20:42 - ingestion.chunk_embedding_upserting - INFO - ✅ Generated 6 embeddings
2025-10-19 00:20:43 - httpx - INFO - HTTP Request: PUT https://5ef7d200-3b5c-4874-8f95-e621d3d5d429.eu-central-1-0.aws.cloud.qdrant.io:6333/collections/survival_strategies/points?wait=true "HTTP/1.1 200 OK"
2025-10-19 00:20:43 - ingestion.chunk_embedding_upserting - INFO -    ✅ Batch 1 upserted successfully
2025-10-19 00:20:43 - prefect.task_runs - INFO - Finished in state Completed()
2025-10-19 00:20:43 - ingestion.chunk_embedding_upserting - INFO - ✅ how_to_survive_the_most_dangerous_hikes_in_the_world_20251019_001635.json: 6/6 chunks upserted
2025-10-19 00:20:43 - ingestion.chunk_embedding_upserting - INFO - 🧠 Memory usage: 1285.1 MB
2025-10-19 00:20:43 - ingestion.chunk_embedding_upserting - INFO - 
📄 [78/104] Processing the_deadliest_earthquake_in_human_history_20251019_001635.json...
2025-10-19 00:20:43 - ingestion.chunk_embedding_upserting - INFO - 🧠 Memory usage: 1285.1 MB
2025-10-19 00:20:43 - ingestion.chunk_embedding_upserting - INFO -    📄 Loaded 7 chunks from the_deadliest_earthquake_in_human_history_20251019_001635.json
2025-10-19 00:20:43 - ingestion.chunk_embedding_upserting - INFO -    📊 7 chunks loaded from file
2025-10-19 00:20:43 - ingestion.chunk_embedding_upserting - INFO -    🔄 Batch 1/1 (7 chunks)...
2025-10-19 00:20:43 - ingestion.chunk_embedding_upserting - INFO - 🔢 Generating embeddings for 7 chunks...
2025-10-19 00:20:44 - httpx - INFO - HTTP Request: POST http://127.0.0.1:8757/api/logs/ "HTTP/1.1 201 Created"
2025-10-19 00:20:48 - ingestion.chunk_embedding_upserting - INFO - ✅ Generated 7 embeddings
2025-10-19 00:20:49 - httpx - INFO - HTTP Request: PUT https://5ef7d200-3b5c-4874-8f95-e621d3d5d429.eu-central-1-0.aws.cloud.qdrant.io:6333/collections/survival_strategies/points?wait=true "HTTP/1.1 200 OK"
2025-10-19 00:20:49 - ingestion.chunk_embedding_upserting - INFO -    ✅ Batch 1 upserted successfully
2025-10-19 00:20:49 - prefect.task_runs - INFO - Finished in state Completed()
2025-10-19 00:20:49 - ingestion.chunk_embedding_upserting - INFO - ✅ the_deadliest_earthquake_in_human_history_20251019_001635.json: 7/7 chunks upserted
2025-10-19 00:20:49 - ingestion.chunk_embedding_upserting - INFO - 🧠 Memory usage: 1285.9 MB
2025-10-19 00:20:49 - ingestion.chunk_embedding_upserting - INFO - 
📄 [79/104] Processing how_to_survive_a_breakup_20251019_001635.json...
2025-10-19 00:20:49 - ingestion.chunk_embedding_upserting - INFO - 🧠 Memory usage: 1285.9 MB
2025-10-19 00:20:49 - ingestion.chunk_embedding_upserting - INFO -    📄 Loaded 7 chunks from how_to_survive_a_breakup_20251019_001635.json
2025-10-19 00:20:49 - ingestion.chunk_embedding_upserting - INFO -    📊 7 chunks loaded from file
2025-10-19 00:20:49 - ingestion.chunk_embedding_upserting - INFO -    🔄 Batch 1/1 (7 chunks)...
2025-10-19 00:20:49 - ingestion.chunk_embedding_upserting - INFO - 🔢 Generating embeddings for 7 chunks...
2025-10-19 00:20:50 - httpx - INFO - HTTP Request: POST http://127.0.0.1:8757/api/logs/ "HTTP/1.1 201 Created"
2025-10-19 00:20:51 - ingestion.chunk_embedding_upserting - INFO - ✅ Generated 7 embeddings
2025-10-19 00:20:52 - httpx - INFO - HTTP Request: PUT https://5ef7d200-3b5c-4874-8f95-e621d3d5d429.eu-central-1-0.aws.cloud.qdrant.io:6333/collections/survival_strategies/points?wait=true "HTTP/1.1 200 OK"
2025-10-19 00:20:52 - ingestion.chunk_embedding_upserting - INFO -    ✅ Batch 1 upserted successfully
2025-10-19 00:20:53 - prefect.task_runs - INFO - Finished in state Completed()
2025-10-19 00:20:53 - ingestion.chunk_embedding_upserting - INFO - ✅ how_to_survive_a_breakup_20251019_001635.json: 7/7 chunks upserted
2025-10-19 00:20:53 - ingestion.chunk_embedding_upserting - INFO - 🧠 Memory usage: 1285.9 MB
2025-10-19 00:20:53 - ingestion.chunk_embedding_upserting - INFO - 
📄 [80/104] Processing how_to_survive_a_hot_dog_eating_contest_20251019_001635.json...
2025-10-19 00:20:53 - ingestion.chunk_embedding_upserting - INFO - 🧠 Memory usage: 1285.9 MB
2025-10-19 00:20:53 - ingestion.chunk_embedding_upserting - INFO -    📄 Loaded 5 chunks from how_to_survive_a_hot_dog_eating_contest_20251019_001635.json
2025-10-19 00:20:53 - ingestion.chunk_embedding_upserting - INFO -    📊 5 chunks loaded from file
2025-10-19 00:20:53 - ingestion.chunk_embedding_upserting - INFO -    🔄 Batch 1/1 (5 chunks)...
2025-10-19 00:20:53 - ingestion.chunk_embedding_upserting - INFO - 🔢 Generating embeddings for 5 chunks...
2025-10-19 00:20:54 - httpx - INFO - HTTP Request: POST http://127.0.0.1:8757/api/logs/ "HTTP/1.1 201 Created"
2025-10-19 00:20:54 - ingestion.chunk_embedding_upserting - INFO - ✅ Generated 5 embeddings
2025-10-19 00:20:56 - httpx - INFO - HTTP Request: PUT https://5ef7d200-3b5c-4874-8f95-e621d3d5d429.eu-central-1-0.aws.cloud.qdrant.io:6333/collections/survival_strategies/points?wait=true "HTTP/1.1 200 OK"
2025-10-19 00:20:56 - ingestion.chunk_embedding_upserting - INFO -    ✅ Batch 1 upserted successfully
2025-10-19 00:20:56 - prefect.task_runs - INFO - Finished in state Completed()
2025-10-19 00:20:56 - ingestion.chunk_embedding_upserting - INFO - ✅ how_to_survive_a_hot_dog_eating_contest_20251019_001635.json: 5/5 chunks upserted
2025-10-19 00:20:56 - ingestion.chunk_embedding_upserting - INFO - 🧠 Memory usage: 1285.9 MB
2025-10-19 00:20:56 - ingestion.chunk_embedding_upserting - INFO - 
📄 [81/104] Processing the_worst_things_to_do_in_a_tsunami_20251019_001635.json...
2025-10-19 00:20:56 - ingestion.chunk_embedding_upserting - INFO - 🧠 Memory usage: 1285.9 MB
2025-10-19 00:20:56 - ingestion.chunk_embedding_upserting - INFO -    📄 Loaded 7 chunks from the_worst_things_to_do_in_a_tsunami_20251019_001635.json
2025-10-19 00:20:56 - ingestion.chunk_embedding_upserting - INFO -    📊 7 chunks loaded from file
2025-10-19 00:20:56 - ingestion.chunk_embedding_upserting - INFO -    🔄 Batch 1/1 (7 chunks)...
2025-10-19 00:20:56 - ingestion.chunk_embedding_upserting - INFO - 🔢 Generating embeddings for 7 chunks...
2025-10-19 00:20:58 - ingestion.chunk_embedding_upserting - INFO - ✅ Generated 7 embeddings
2025-10-19 00:20:58 - httpx - INFO - HTTP Request: POST http://127.0.0.1:8757/api/logs/ "HTTP/1.1 201 Created"
2025-10-19 00:20:59 - httpx - INFO - HTTP Request: PUT https://5ef7d200-3b5c-4874-8f95-e621d3d5d429.eu-central-1-0.aws.cloud.qdrant.io:6333/collections/survival_strategies/points?wait=true "HTTP/1.1 200 OK"
2025-10-19 00:20:59 - ingestion.chunk_embedding_upserting - INFO -    ✅ Batch 1 upserted successfully
2025-10-19 00:21:00 - prefect.task_runs - INFO - Finished in state Completed()
2025-10-19 00:21:00 - ingestion.chunk_embedding_upserting - INFO - ✅ the_worst_things_to_do_in_a_tsunami_20251019_001635.json: 7/7 chunks upserted
2025-10-19 00:21:00 - ingestion.chunk_embedding_upserting - INFO - 🧠 Memory usage: 1286.2 MB
2025-10-19 00:21:00 - ingestion.chunk_embedding_upserting - INFO - 
📄 [82/104] Processing the_true_scale_of_tsunamis_20251019_001635.json...
2025-10-19 00:21:00 - ingestion.chunk_embedding_upserting - INFO - 🧠 Memory usage: 1286.2 MB
2025-10-19 00:21:00 - ingestion.chunk_embedding_upserting - INFO -    📄 Loaded 7 chunks from the_true_scale_of_tsunamis_20251019_001635.json
2025-10-19 00:21:00 - ingestion.chunk_embedding_upserting - INFO -    📊 7 chunks loaded from file
2025-10-19 00:21:00 - ingestion.chunk_embedding_upserting - INFO -    🔄 Batch 1/1 (7 chunks)...
2025-10-19 00:21:00 - ingestion.chunk_embedding_upserting - INFO - 🔢 Generating embeddings for 7 chunks...
2025-10-19 00:21:00 - httpx - INFO - HTTP Request: POST http://127.0.0.1:8757/api/logs/ "HTTP/1.1 201 Created"
2025-10-19 00:21:02 - ingestion.chunk_embedding_upserting - INFO - ✅ Generated 7 embeddings
2025-10-19 00:21:03 - httpx - INFO - HTTP Request: PUT https://5ef7d200-3b5c-4874-8f95-e621d3d5d429.eu-central-1-0.aws.cloud.qdrant.io:6333/collections/survival_strategies/points?wait=true "HTTP/1.1 200 OK"
2025-10-19 00:21:04 - ingestion.chunk_embedding_upserting - INFO -    ✅ Batch 1 upserted successfully
2025-10-19 00:21:04 - prefect.task_runs - INFO - Finished in state Completed()
2025-10-19 00:21:04 - ingestion.chunk_embedding_upserting - INFO - ✅ the_true_scale_of_tsunamis_20251019_001635.json: 7/7 chunks upserted
2025-10-19 00:21:04 - ingestion.chunk_embedding_upserting - INFO - 🧠 Memory usage: 1286.2 MB
2025-10-19 00:21:04 - ingestion.chunk_embedding_upserting - INFO - 
📄 [83/104] Processing how_to_survive_in_the_arctic_without_clothes_20251019_001635.json...
2025-10-19 00:21:04 - ingestion.chunk_embedding_upserting - INFO - 🧠 Memory usage: 1286.2 MB
2025-10-19 00:21:04 - ingestion.chunk_embedding_upserting - INFO -    📄 Loaded 8 chunks from how_to_survive_in_the_arctic_without_clothes_20251019_001635.json
2025-10-19 00:21:04 - ingestion.chunk_embedding_upserting - INFO -    📊 8 chunks loaded from file
2025-10-19 00:21:04 - ingestion.chunk_embedding_upserting - INFO -    🔄 Batch 1/1 (8 chunks)...
2025-10-19 00:21:04 - ingestion.chunk_embedding_upserting - INFO - 🔢 Generating embeddings for 8 chunks...
2025-10-19 00:21:04 - httpx - INFO - HTTP Request: POST http://127.0.0.1:8757/api/logs/ "HTTP/1.1 201 Created"
2025-10-19 00:21:06 - ingestion.chunk_embedding_upserting - INFO - ✅ Generated 8 embeddings
2025-10-19 00:21:08 - httpx - INFO - HTTP Request: PUT https://5ef7d200-3b5c-4874-8f95-e621d3d5d429.eu-central-1-0.aws.cloud.qdrant.io:6333/collections/survival_strategies/points?wait=true "HTTP/1.1 200 OK"
2025-10-19 00:21:08 - ingestion.chunk_embedding_upserting - INFO -    ✅ Batch 1 upserted successfully
2025-10-19 00:21:08 - prefect.task_runs - INFO - Finished in state Completed()
2025-10-19 00:21:08 - ingestion.chunk_embedding_upserting - INFO - ✅ how_to_survive_in_the_arctic_without_clothes_20251019_001635.json: 8/8 chunks upserted
2025-10-19 00:21:08 - ingestion.chunk_embedding_upserting - INFO - 🧠 Memory usage: 1286.2 MB
2025-10-19 00:21:08 - ingestion.chunk_embedding_upserting - INFO - 
📄 [84/104] Processing how_to_survive_a_limnic_eruption_20251019_001635.json...
2025-10-19 00:21:08 - ingestion.chunk_embedding_upserting - INFO - 🧠 Memory usage: 1286.2 MB
2025-10-19 00:21:08 - ingestion.chunk_embedding_upserting - INFO -    📄 Loaded 7 chunks from how_to_survive_a_limnic_eruption_20251019_001635.json
2025-10-19 00:21:08 - ingestion.chunk_embedding_upserting - INFO -    📊 7 chunks loaded from file
2025-10-19 00:21:08 - ingestion.chunk_embedding_upserting - INFO -    🔄 Batch 1/1 (7 chunks)...
2025-10-19 00:21:08 - ingestion.chunk_embedding_upserting - INFO - 🔢 Generating embeddings for 7 chunks...
2025-10-19 00:21:09 - ingestion.chunk_embedding_upserting - INFO - ✅ Generated 7 embeddings
2025-10-19 00:21:10 - httpx - INFO - HTTP Request: POST http://127.0.0.1:8757/api/logs/ "HTTP/1.1 201 Created"
2025-10-19 00:21:11 - httpx - INFO - HTTP Request: PUT https://5ef7d200-3b5c-4874-8f95-e621d3d5d429.eu-central-1-0.aws.cloud.qdrant.io:6333/collections/survival_strategies/points?wait=true "HTTP/1.1 200 OK"
2025-10-19 00:21:11 - ingestion.chunk_embedding_upserting - INFO -    ✅ Batch 1 upserted successfully
2025-10-19 00:21:11 - prefect.task_runs - INFO - Finished in state Completed()
2025-10-19 00:21:11 - ingestion.chunk_embedding_upserting - INFO - ✅ how_to_survive_a_limnic_eruption_20251019_001635.json: 7/7 chunks upserted
2025-10-19 00:21:11 - ingestion.chunk_embedding_upserting - INFO - 🧠 Memory usage: 1286.2 MB
2025-10-19 00:21:11 - ingestion.chunk_embedding_upserting - INFO - 
📄 [85/104] Processing how_to_survive_salmonella_20251019_001635.json...
2025-10-19 00:21:11 - ingestion.chunk_embedding_upserting - INFO - 🧠 Memory usage: 1286.2 MB
2025-10-19 00:21:11 - ingestion.chunk_embedding_upserting - INFO -    📄 Loaded 6 chunks from how_to_survive_salmonella_20251019_001635.json
2025-10-19 00:21:11 - ingestion.chunk_embedding_upserting - INFO -    📊 6 chunks loaded from file
2025-10-19 00:21:11 - ingestion.chunk_embedding_upserting - INFO -    🔄 Batch 1/1 (6 chunks)...
2025-10-19 00:21:11 - ingestion.chunk_embedding_upserting - INFO - 🔢 Generating embeddings for 6 chunks...
2025-10-19 00:21:12 - httpx - INFO - HTTP Request: POST http://127.0.0.1:8757/api/logs/ "HTTP/1.1 201 Created"
2025-10-19 00:21:12 - ingestion.chunk_embedding_upserting - INFO - ✅ Generated 6 embeddings
2025-10-19 00:21:13 - httpx - INFO - HTTP Request: PUT https://5ef7d200-3b5c-4874-8f95-e621d3d5d429.eu-central-1-0.aws.cloud.qdrant.io:6333/collections/survival_strategies/points?wait=true "HTTP/1.1 200 OK"
2025-10-19 00:21:13 - ingestion.chunk_embedding_upserting - INFO -    ✅ Batch 1 upserted successfully
2025-10-19 00:21:13 - prefect.task_runs - INFO - Finished in state Completed()
2025-10-19 00:21:13 - ingestion.chunk_embedding_upserting - INFO - ✅ how_to_survive_salmonella_20251019_001635.json: 6/6 chunks upserted
2025-10-19 00:21:14 - ingestion.chunk_embedding_upserting - INFO - 🧠 Memory usage: 1286.2 MB
2025-10-19 00:21:14 - ingestion.chunk_embedding_upserting - INFO - 
📄 [86/104] Processing the_worst_things_to_do_when_you_have_lice_20251019_001635.json...
2025-10-19 00:21:14 - ingestion.chunk_embedding_upserting - INFO - 🧠 Memory usage: 1286.2 MB
2025-10-19 00:21:14 - ingestion.chunk_embedding_upserting - INFO -    📄 Loaded 6 chunks from the_worst_things_to_do_when_you_have_lice_20251019_001635.json
2025-10-19 00:21:14 - ingestion.chunk_embedding_upserting - INFO -    📊 6 chunks loaded from file
2025-10-19 00:21:14 - ingestion.chunk_embedding_upserting - INFO -    🔄 Batch 1/1 (6 chunks)...
2025-10-19 00:21:14 - ingestion.chunk_embedding_upserting - INFO - 🔢 Generating embeddings for 6 chunks...
2025-10-19 00:21:14 - httpx - INFO - HTTP Request: POST http://127.0.0.1:8757/api/logs/ "HTTP/1.1 201 Created"
2025-10-19 00:21:15 - ingestion.chunk_embedding_upserting - INFO - ✅ Generated 6 embeddings
2025-10-19 00:21:16 - httpx - INFO - HTTP Request: PUT https://5ef7d200-3b5c-4874-8f95-e621d3d5d429.eu-central-1-0.aws.cloud.qdrant.io:6333/collections/survival_strategies/points?wait=true "HTTP/1.1 200 OK"
2025-10-19 00:21:16 - ingestion.chunk_embedding_upserting - INFO -    ✅ Batch 1 upserted successfully
2025-10-19 00:21:16 - prefect.task_runs - INFO - Finished in state Completed()
2025-10-19 00:21:16 - ingestion.chunk_embedding_upserting - INFO - ✅ the_worst_things_to_do_when_you_have_lice_20251019_001635.json: 6/6 chunks upserted
2025-10-19 00:21:16 - ingestion.chunk_embedding_upserting - INFO - 🧠 Memory usage: 1286.2 MB
2025-10-19 00:21:16 - ingestion.chunk_embedding_upserting - INFO - 
📄 [87/104] Processing how_big_can_a_tornado_actually_get_20251019_001635.json...
2025-10-19 00:21:16 - ingestion.chunk_embedding_upserting - INFO - 🧠 Memory usage: 1286.2 MB
2025-10-19 00:21:16 - ingestion.chunk_embedding_upserting - INFO -    📄 Loaded 6 chunks from how_big_can_a_tornado_actually_get_20251019_001635.json
2025-10-19 00:21:16 - ingestion.chunk_embedding_upserting - INFO -    📊 6 chunks loaded from file
2025-10-19 00:21:16 - ingestion.chunk_embedding_upserting - INFO -    🔄 Batch 1/1 (6 chunks)...
2025-10-19 00:21:16 - ingestion.chunk_embedding_upserting - INFO - 🔢 Generating embeddings for 6 chunks...
2025-10-19 00:21:16 - httpx - INFO - HTTP Request: POST http://127.0.0.1:8757/api/logs/ "HTTP/1.1 201 Created"
2025-10-19 00:21:19 - ingestion.chunk_embedding_upserting - INFO - ✅ Generated 6 embeddings
2025-10-19 00:21:20 - httpx - INFO - HTTP Request: PUT https://5ef7d200-3b5c-4874-8f95-e621d3d5d429.eu-central-1-0.aws.cloud.qdrant.io:6333/collections/survival_strategies/points?wait=true "HTTP/1.1 200 OK"
2025-10-19 00:21:20 - ingestion.chunk_embedding_upserting - INFO -    ✅ Batch 1 upserted successfully
2025-10-19 00:21:20 - prefect.task_runs - INFO - Finished in state Completed()
2025-10-19 00:21:20 - ingestion.chunk_embedding_upserting - INFO - ✅ how_big_can_a_tornado_actually_get_20251019_001635.json: 6/6 chunks upserted
2025-10-19 00:21:21 - ingestion.chunk_embedding_upserting - INFO - 🧠 Memory usage: 1287.2 MB
2025-10-19 00:21:21 - ingestion.chunk_embedding_upserting - INFO - 
📄 [88/104] Processing how_to_survive_a_malfunctioning_microwave_20251019_001635.json...
2025-10-19 00:21:21 - ingestion.chunk_embedding_upserting - INFO - 🧠 Memory usage: 1287.2 MB
2025-10-19 00:21:21 - ingestion.chunk_embedding_upserting - INFO -    📄 Loaded 6 chunks from how_to_survive_a_malfunctioning_microwave_20251019_001635.json
2025-10-19 00:21:21 - ingestion.chunk_embedding_upserting - INFO -    📊 6 chunks loaded from file
2025-10-19 00:21:21 - ingestion.chunk_embedding_upserting - INFO -    🔄 Batch 1/1 (6 chunks)...
2025-10-19 00:21:21 - ingestion.chunk_embedding_upserting - INFO - 🔢 Generating embeddings for 6 chunks...
2025-10-19 00:21:22 - ingestion.chunk_embedding_upserting - INFO - ✅ Generated 6 embeddings
2025-10-19 00:21:22 - httpx - INFO - HTTP Request: POST http://127.0.0.1:8757/api/logs/ "HTTP/1.1 201 Created"
2025-10-19 00:21:23 - httpx - INFO - HTTP Request: PUT https://5ef7d200-3b5c-4874-8f95-e621d3d5d429.eu-central-1-0.aws.cloud.qdrant.io:6333/collections/survival_strategies/points?wait=true "HTTP/1.1 200 OK"
2025-10-19 00:21:23 - ingestion.chunk_embedding_upserting - INFO -    ✅ Batch 1 upserted successfully
2025-10-19 00:21:23 - prefect.task_runs - INFO - Finished in state Completed()
2025-10-19 00:21:23 - ingestion.chunk_embedding_upserting - INFO - ✅ how_to_survive_a_malfunctioning_microwave_20251019_001635.json: 6/6 chunks upserted
2025-10-19 00:21:23 - ingestion.chunk_embedding_upserting - INFO - 🧠 Memory usage: 1287.2 MB
2025-10-19 00:21:23 - ingestion.chunk_embedding_upserting - INFO - 
📄 [89/104] Processing how_long_could_you_survive_ebola_20251019_001635.json...
2025-10-19 00:21:23 - ingestion.chunk_embedding_upserting - INFO - 🧠 Memory usage: 1287.2 MB
2025-10-19 00:21:23 - ingestion.chunk_embedding_upserting - INFO -    📄 Loaded 5 chunks from how_long_could_you_survive_ebola_20251019_001635.json
2025-10-19 00:21:23 - ingestion.chunk_embedding_upserting - INFO -    📊 5 chunks loaded from file
2025-10-19 00:21:23 - ingestion.chunk_embedding_upserting - INFO -    🔄 Batch 1/1 (5 chunks)...
2025-10-19 00:21:23 - ingestion.chunk_embedding_upserting - INFO - 🔢 Generating embeddings for 5 chunks...
2025-10-19 00:21:25 - httpx - INFO - HTTP Request: POST http://127.0.0.1:8757/api/logs/ "HTTP/1.1 201 Created"
2025-10-19 00:21:26 - ingestion.chunk_embedding_upserting - INFO - ✅ Generated 5 embeddings
2025-10-19 00:21:27 - httpx - INFO - HTTP Request: PUT https://5ef7d200-3b5c-4874-8f95-e621d3d5d429.eu-central-1-0.aws.cloud.qdrant.io:6333/collections/survival_strategies/points?wait=true "HTTP/1.1 200 OK"
2025-10-19 00:21:27 - ingestion.chunk_embedding_upserting - INFO -    ✅ Batch 1 upserted successfully
2025-10-19 00:21:27 - prefect.task_runs - INFO - Finished in state Completed()
2025-10-19 00:21:27 - ingestion.chunk_embedding_upserting - INFO - ✅ how_long_could_you_survive_ebola_20251019_001635.json: 5/5 chunks upserted
2025-10-19 00:21:27 - ingestion.chunk_embedding_upserting - INFO - 🧠 Memory usage: 1287.2 MB
2025-10-19 00:21:27 - ingestion.chunk_embedding_upserting - INFO - 
📄 [90/104] Processing how_to_survive_an_exploding_phone_20251019_001635.json...
2025-10-19 00:21:27 - ingestion.chunk_embedding_upserting - INFO - 🧠 Memory usage: 1287.2 MB
2025-10-19 00:21:27 - ingestion.chunk_embedding_upserting - INFO -    📄 Loaded 6 chunks from how_to_survive_an_exploding_phone_20251019_001635.json
2025-10-19 00:21:27 - ingestion.chunk_embedding_upserting - INFO -    📊 6 chunks loaded from file
2025-10-19 00:21:27 - ingestion.chunk_embedding_upserting - INFO -    🔄 Batch 1/1 (6 chunks)...
2025-10-19 00:21:27 - ingestion.chunk_embedding_upserting - INFO - 🔢 Generating embeddings for 6 chunks...
2025-10-19 00:21:28 - ingestion.chunk_embedding_upserting - INFO - ✅ Generated 6 embeddings
2025-10-19 00:21:29 - httpx - INFO - HTTP Request: POST http://127.0.0.1:8757/api/logs/ "HTTP/1.1 201 Created"
2025-10-19 00:21:29 - httpx - INFO - HTTP Request: PUT https://5ef7d200-3b5c-4874-8f95-e621d3d5d429.eu-central-1-0.aws.cloud.qdrant.io:6333/collections/survival_strategies/points?wait=true "HTTP/1.1 200 OK"
2025-10-19 00:21:29 - ingestion.chunk_embedding_upserting - INFO -    ✅ Batch 1 upserted successfully
2025-10-19 00:21:29 - prefect.task_runs - INFO - Finished in state Completed()
2025-10-19 00:21:29 - ingestion.chunk_embedding_upserting - INFO - ✅ how_to_survive_an_exploding_phone_20251019_001635.json: 6/6 chunks upserted
2025-10-19 00:21:29 - ingestion.chunk_embedding_upserting - INFO - 🧠 Memory usage: 1287.2 MB
2025-10-19 00:21:29 - ingestion.chunk_embedding_upserting - INFO - 
📄 [91/104] Processing how_to_survive_giving_birth_on_an_airplane_20251019_001635.json...
2025-10-19 00:21:29 - ingestion.chunk_embedding_upserting - INFO - 🧠 Memory usage: 1287.2 MB
2025-10-19 00:21:29 - ingestion.chunk_embedding_upserting - INFO -    📄 Loaded 6 chunks from how_to_survive_giving_birth_on_an_airplane_20251019_001635.json
2025-10-19 00:21:29 - ingestion.chunk_embedding_upserting - INFO -    📊 6 chunks loaded from file
2025-10-19 00:21:30 - ingestion.chunk_embedding_upserting - INFO -    🔄 Batch 1/1 (6 chunks)...
2025-10-19 00:21:30 - ingestion.chunk_embedding_upserting - INFO - 🔢 Generating embeddings for 6 chunks...
2025-10-19 00:21:30 - ingestion.chunk_embedding_upserting - INFO - ✅ Generated 6 embeddings
2025-10-19 00:21:31 - httpx - INFO - HTTP Request: POST http://127.0.0.1:8757/api/logs/ "HTTP/1.1 201 Created"
2025-10-19 00:21:31 - httpx - INFO - HTTP Request: PUT https://5ef7d200-3b5c-4874-8f95-e621d3d5d429.eu-central-1-0.aws.cloud.qdrant.io:6333/collections/survival_strategies/points?wait=true "HTTP/1.1 200 OK"
2025-10-19 00:21:31 - ingestion.chunk_embedding_upserting - INFO -    ✅ Batch 1 upserted successfully
2025-10-19 00:21:31 - prefect.task_runs - INFO - Finished in state Completed()
2025-10-19 00:21:31 - ingestion.chunk_embedding_upserting - INFO - ✅ how_to_survive_giving_birth_on_an_airplane_20251019_001635.json: 6/6 chunks upserted
2025-10-19 00:21:32 - ingestion.chunk_embedding_upserting - INFO - 🧠 Memory usage: 1287.2 MB
2025-10-19 00:21:32 - ingestion.chunk_embedding_upserting - INFO - 
📄 [92/104] Processing how_to_survive_being_locked_in_a_freezer_20251019_001635.json...
2025-10-19 00:21:32 - ingestion.chunk_embedding_upserting - INFO - 🧠 Memory usage: 1287.2 MB
2025-10-19 00:21:32 - ingestion.chunk_embedding_upserting - INFO -    📄 Loaded 5 chunks from how_to_survive_being_locked_in_a_freezer_20251019_001635.json
2025-10-19 00:21:32 - ingestion.chunk_embedding_upserting - INFO -    📊 5 chunks loaded from file
2025-10-19 00:21:32 - ingestion.chunk_embedding_upserting - INFO -    🔄 Batch 1/1 (5 chunks)...
2025-10-19 00:21:32 - ingestion.chunk_embedding_upserting - INFO - 🔢 Generating embeddings for 5 chunks...
2025-10-19 00:21:33 - httpx - INFO - HTTP Request: POST http://127.0.0.1:8757/api/logs/ "HTTP/1.1 201 Created"
2025-10-19 00:21:34 - ingestion.chunk_embedding_upserting - INFO - ✅ Generated 5 embeddings
2025-10-19 00:21:34 - httpx - INFO - HTTP Request: PUT https://5ef7d200-3b5c-4874-8f95-e621d3d5d429.eu-central-1-0.aws.cloud.qdrant.io:6333/collections/survival_strategies/points?wait=true "HTTP/1.1 200 OK"
2025-10-19 00:21:34 - ingestion.chunk_embedding_upserting - INFO -    ✅ Batch 1 upserted successfully
2025-10-19 00:21:34 - prefect.task_runs - INFO - Finished in state Completed()
2025-10-19 00:21:34 - ingestion.chunk_embedding_upserting - INFO - ✅ how_to_survive_being_locked_in_a_freezer_20251019_001635.json: 5/5 chunks upserted
2025-10-19 00:21:34 - ingestion.chunk_embedding_upserting - INFO - 🧠 Memory usage: 1287.4 MB
2025-10-19 00:21:34 - ingestion.chunk_embedding_upserting - INFO - 
📄 [93/104] Processing how_to_survive_sun_poisoning_20251019_001635.json...
2025-10-19 00:21:34 - ingestion.chunk_embedding_upserting - INFO - 🧠 Memory usage: 1287.4 MB
2025-10-19 00:21:34 - ingestion.chunk_embedding_upserting - INFO -    📄 Loaded 1 chunks from how_to_survive_sun_poisoning_20251019_001635.json
2025-10-19 00:21:34 - ingestion.chunk_embedding_upserting - INFO -    📊 1 chunks loaded from file
2025-10-19 00:21:35 - ingestion.chunk_embedding_upserting - INFO -    🔄 Batch 1/1 (1 chunks)...
2025-10-19 00:21:35 - ingestion.chunk_embedding_upserting - INFO - 🔢 Generating embeddings for 1 chunks...
2025-10-19 00:21:35 - httpx - INFO - HTTP Request: POST http://127.0.0.1:8757/api/logs/ "HTTP/1.1 201 Created"
2025-10-19 00:21:35 - ingestion.chunk_embedding_upserting - INFO - ✅ Generated 1 embeddings
2025-10-19 00:21:36 - httpx - INFO - HTTP Request: PUT https://5ef7d200-3b5c-4874-8f95-e621d3d5d429.eu-central-1-0.aws.cloud.qdrant.io:6333/collections/survival_strategies/points?wait=true "HTTP/1.1 200 OK"
2025-10-19 00:21:36 - ingestion.chunk_embedding_upserting - INFO -    ✅ Batch 1 upserted successfully
2025-10-19 00:21:36 - prefect.task_runs - INFO - Finished in state Completed()
2025-10-19 00:21:36 - ingestion.chunk_embedding_upserting - INFO - ✅ how_to_survive_sun_poisoning_20251019_001635.json: 1/1 chunks upserted
2025-10-19 00:21:36 - ingestion.chunk_embedding_upserting - INFO - 🧠 Memory usage: 1287.4 MB
2025-10-19 00:21:36 - ingestion.chunk_embedding_upserting - INFO - 
📄 [94/104] Processing how_to_survive_choking_20251019_001635.json...
2025-10-19 00:21:36 - ingestion.chunk_embedding_upserting - INFO - 🧠 Memory usage: 1287.4 MB
2025-10-19 00:21:36 - ingestion.chunk_embedding_upserting - INFO -    📄 Loaded 7 chunks from how_to_survive_choking_20251019_001635.json
2025-10-19 00:21:36 - ingestion.chunk_embedding_upserting - INFO -    📊 7 chunks loaded from file
2025-10-19 00:21:36 - ingestion.chunk_embedding_upserting - INFO -    🔄 Batch 1/1 (7 chunks)...
2025-10-19 00:21:36 - ingestion.chunk_embedding_upserting - INFO - 🔢 Generating embeddings for 7 chunks...
2025-10-19 00:21:37 - httpx - INFO - HTTP Request: POST http://127.0.0.1:8757/api/logs/ "HTTP/1.1 201 Created"
2025-10-19 00:21:38 - ingestion.chunk_embedding_upserting - INFO - ✅ Generated 7 embeddings
2025-10-19 00:21:39 - httpx - INFO - HTTP Request: PUT https://5ef7d200-3b5c-4874-8f95-e621d3d5d429.eu-central-1-0.aws.cloud.qdrant.io:6333/collections/survival_strategies/points?wait=true "HTTP/1.1 200 OK"
2025-10-19 00:21:39 - ingestion.chunk_embedding_upserting - INFO -    ✅ Batch 1 upserted successfully
2025-10-19 00:21:39 - prefect.task_runs - INFO - Finished in state Completed()
2025-10-19 00:21:39 - ingestion.chunk_embedding_upserting - INFO - ✅ how_to_survive_choking_20251019_001635.json: 7/7 chunks upserted
2025-10-19 00:21:39 - ingestion.chunk_embedding_upserting - INFO - 🧠 Memory usage: 1287.4 MB
2025-10-19 00:21:39 - ingestion.chunk_embedding_upserting - INFO - 
📄 [95/104] Processing terrifying_tornado_scenarios_what_you_should_do_20251019_001635.json...
2025-10-19 00:21:39 - ingestion.chunk_embedding_upserting - INFO - 🧠 Memory usage: 1287.4 MB
2025-10-19 00:21:39 - ingestion.chunk_embedding_upserting - INFO -    📄 Loaded 5 chunks from terrifying_tornado_scenarios_what_you_should_do_20251019_001635.json
2025-10-19 00:21:39 - ingestion.chunk_embedding_upserting - INFO -    📊 5 chunks loaded from file
2025-10-19 00:21:40 - ingestion.chunk_embedding_upserting - INFO -    🔄 Batch 1/1 (5 chunks)...
2025-10-19 00:21:40 - ingestion.chunk_embedding_upserting - INFO - 🔢 Generating embeddings for 5 chunks...
2025-10-19 00:21:41 - httpx - INFO - HTTP Request: POST http://127.0.0.1:8757/api/logs/ "HTTP/1.1 201 Created"
2025-10-19 00:21:42 - ingestion.chunk_embedding_upserting - INFO - ✅ Generated 5 embeddings
2025-10-19 00:21:43 - httpx - INFO - HTTP Request: PUT https://5ef7d200-3b5c-4874-8f95-e621d3d5d429.eu-central-1-0.aws.cloud.qdrant.io:6333/collections/survival_strategies/points?wait=true "HTTP/1.1 200 OK"
2025-10-19 00:21:43 - ingestion.chunk_embedding_upserting - INFO -    ✅ Batch 1 upserted successfully
2025-10-19 00:21:43 - prefect.task_runs - INFO - Finished in state Completed()
2025-10-19 00:21:43 - ingestion.chunk_embedding_upserting - INFO - ✅ terrifying_tornado_scenarios_what_you_should_do_20251019_001635.json: 5/5 chunks upserted
2025-10-19 00:21:43 - ingestion.chunk_embedding_upserting - INFO - 🧠 Memory usage: 1287.4 MB
2025-10-19 00:21:43 - ingestion.chunk_embedding_upserting - INFO - 
📄 [96/104] Processing how_to_survive_a_flood_20251019_001635.json...
2025-10-19 00:21:43 - ingestion.chunk_embedding_upserting - INFO - 🧠 Memory usage: 1287.4 MB
2025-10-19 00:21:43 - ingestion.chunk_embedding_upserting - INFO -    📄 Loaded 8 chunks from how_to_survive_a_flood_20251019_001635.json
2025-10-19 00:21:43 - ingestion.chunk_embedding_upserting - INFO -    📊 8 chunks loaded from file
2025-10-19 00:21:43 - ingestion.chunk_embedding_upserting - INFO -    🔄 Batch 1/1 (8 chunks)...
2025-10-19 00:21:43 - ingestion.chunk_embedding_upserting - INFO - 🔢 Generating embeddings for 8 chunks...
2025-10-19 00:21:45 - httpx - INFO - HTTP Request: POST http://127.0.0.1:8757/api/logs/ "HTTP/1.1 201 Created"
2025-10-19 00:21:45 - ingestion.chunk_embedding_upserting - INFO - ✅ Generated 8 embeddings
2025-10-19 00:21:46 - httpx - INFO - HTTP Request: PUT https://5ef7d200-3b5c-4874-8f95-e621d3d5d429.eu-central-1-0.aws.cloud.qdrant.io:6333/collections/survival_strategies/points?wait=true "HTTP/1.1 200 OK"
2025-10-19 00:21:46 - ingestion.chunk_embedding_upserting - INFO -    ✅ Batch 1 upserted successfully
2025-10-19 00:21:46 - prefect.task_runs - INFO - Finished in state Completed()
2025-10-19 00:21:46 - ingestion.chunk_embedding_upserting - INFO - ✅ how_to_survive_a_flood_20251019_001635.json: 8/8 chunks upserted
2025-10-19 00:21:46 - ingestion.chunk_embedding_upserting - INFO - 🧠 Memory usage: 1287.4 MB
2025-10-19 00:21:46 - ingestion.chunk_embedding_upserting - INFO - 
📄 [97/104] Processing how_to_survive_a_heat_wave_20251019_001635.json...
2025-10-19 00:21:46 - ingestion.chunk_embedding_upserting - INFO - 🧠 Memory usage: 1287.4 MB
2025-10-19 00:21:46 - ingestion.chunk_embedding_upserting - INFO -    📄 Loaded 6 chunks from how_to_survive_a_heat_wave_20251019_001635.json
2025-10-19 00:21:46 - ingestion.chunk_embedding_upserting - INFO -    📊 6 chunks loaded from file
2025-10-19 00:21:46 - ingestion.chunk_embedding_upserting - INFO -    🔄 Batch 1/1 (6 chunks)...
2025-10-19 00:21:46 - ingestion.chunk_embedding_upserting - INFO - 🔢 Generating embeddings for 6 chunks...
2025-10-19 00:21:47 - httpx - INFO - HTTP Request: POST http://127.0.0.1:8757/api/logs/ "HTTP/1.1 201 Created"
2025-10-19 00:21:48 - ingestion.chunk_embedding_upserting - INFO - ✅ Generated 6 embeddings
2025-10-19 00:21:49 - httpx - INFO - HTTP Request: PUT https://5ef7d200-3b5c-4874-8f95-e621d3d5d429.eu-central-1-0.aws.cloud.qdrant.io:6333/collections/survival_strategies/points?wait=true "HTTP/1.1 200 OK"
2025-10-19 00:21:49 - ingestion.chunk_embedding_upserting - INFO -    ✅ Batch 1 upserted successfully
2025-10-19 00:21:49 - prefect.task_runs - INFO - Finished in state Completed()
2025-10-19 00:21:49 - ingestion.chunk_embedding_upserting - INFO - ✅ how_to_survive_a_heat_wave_20251019_001635.json: 6/6 chunks upserted
2025-10-19 00:21:49 - ingestion.chunk_embedding_upserting - INFO - 🧠 Memory usage: 1287.4 MB
2025-10-19 00:21:49 - ingestion.chunk_embedding_upserting - INFO - 
📄 [98/104] Processing how_to_survive_a_landslide_20251019_001635.json...
2025-10-19 00:21:49 - ingestion.chunk_embedding_upserting - INFO - 🧠 Memory usage: 1287.4 MB
2025-10-19 00:21:49 - ingestion.chunk_embedding_upserting - INFO -    📄 Loaded 6 chunks from how_to_survive_a_landslide_20251019_001635.json
2025-10-19 00:21:49 - ingestion.chunk_embedding_upserting - INFO -    📊 6 chunks loaded from file
2025-10-19 00:21:50 - ingestion.chunk_embedding_upserting - INFO -    🔄 Batch 1/1 (6 chunks)...
2025-10-19 00:21:50 - ingestion.chunk_embedding_upserting - INFO - 🔢 Generating embeddings for 6 chunks...
2025-10-19 00:21:51 - ingestion.chunk_embedding_upserting - INFO - ✅ Generated 6 embeddings
2025-10-19 00:21:51 - httpx - INFO - HTTP Request: PUT https://5ef7d200-3b5c-4874-8f95-e621d3d5d429.eu-central-1-0.aws.cloud.qdrant.io:6333/collections/survival_strategies/points?wait=true "HTTP/1.1 200 OK"
2025-10-19 00:21:51 - ingestion.chunk_embedding_upserting - INFO -    ✅ Batch 1 upserted successfully
2025-10-19 00:21:52 - prefect.task_runs - INFO - Finished in state Completed()
2025-10-19 00:21:52 - ingestion.chunk_embedding_upserting - INFO - ✅ how_to_survive_a_landslide_20251019_001635.json: 6/6 chunks upserted
2025-10-19 00:21:52 - httpx - INFO - HTTP Request: POST http://127.0.0.1:8757/api/logs/ "HTTP/1.1 201 Created"
2025-10-19 00:21:52 - ingestion.chunk_embedding_upserting - INFO - 🧠 Memory usage: 1287.4 MB
2025-10-19 00:21:52 - ingestion.chunk_embedding_upserting - INFO - 
📄 [99/104] Processing how_to_survive_being_a_mall_santa_20251019_001635.json...
2025-10-19 00:21:52 - ingestion.chunk_embedding_upserting - INFO - 🧠 Memory usage: 1287.4 MB
2025-10-19 00:21:52 - ingestion.chunk_embedding_upserting - INFO -    📄 Loaded 4 chunks from how_to_survive_being_a_mall_santa_20251019_001635.json
2025-10-19 00:21:52 - ingestion.chunk_embedding_upserting - INFO -    📊 4 chunks loaded from file
2025-10-19 00:21:52 - ingestion.chunk_embedding_upserting - INFO -    🔄 Batch 1/1 (4 chunks)...
2025-10-19 00:21:52 - ingestion.chunk_embedding_upserting - INFO - 🔢 Generating embeddings for 4 chunks...
2025-10-19 00:21:54 - ingestion.chunk_embedding_upserting - INFO - ✅ Generated 4 embeddings
2025-10-19 00:21:54 - httpx - INFO - HTTP Request: POST http://127.0.0.1:8757/api/logs/ "HTTP/1.1 201 Created"
2025-10-19 00:21:54 - httpx - INFO - HTTP Request: PUT https://5ef7d200-3b5c-4874-8f95-e621d3d5d429.eu-central-1-0.aws.cloud.qdrant.io:6333/collections/survival_strategies/points?wait=true "HTTP/1.1 200 OK"
2025-10-19 00:21:54 - ingestion.chunk_embedding_upserting - INFO -    ✅ Batch 1 upserted successfully
2025-10-19 00:21:55 - prefect.task_runs - INFO - Finished in state Completed()
2025-10-19 00:21:55 - ingestion.chunk_embedding_upserting - INFO - ✅ how_to_survive_being_a_mall_santa_20251019_001635.json: 4/4 chunks upserted
2025-10-19 00:21:55 - ingestion.chunk_embedding_upserting - INFO - 🧠 Memory usage: 1287.4 MB
2025-10-19 00:21:55 - ingestion.chunk_embedding_upserting - INFO - 
📄 [100/104] Processing how_to_survive_a_pyroclastic_flow_20251019_001635.json...
2025-10-19 00:21:55 - ingestion.chunk_embedding_upserting - INFO - 🧠 Memory usage: 1287.4 MB
2025-10-19 00:21:55 - ingestion.chunk_embedding_upserting - INFO -    📄 Loaded 7 chunks from how_to_survive_a_pyroclastic_flow_20251019_001635.json
2025-10-19 00:21:55 - ingestion.chunk_embedding_upserting - INFO -    📊 7 chunks loaded from file
2025-10-19 00:21:55 - ingestion.chunk_embedding_upserting - INFO -    🔄 Batch 1/1 (7 chunks)...
2025-10-19 00:21:55 - ingestion.chunk_embedding_upserting - INFO - 🔢 Generating embeddings for 7 chunks...
2025-10-19 00:21:56 - httpx - INFO - HTTP Request: POST http://127.0.0.1:8757/api/logs/ "HTTP/1.1 201 Created"
2025-10-19 00:21:57 - ingestion.chunk_embedding_upserting - INFO - ✅ Generated 7 embeddings
2025-10-19 00:21:57 - httpx - INFO - HTTP Request: PUT https://5ef7d200-3b5c-4874-8f95-e621d3d5d429.eu-central-1-0.aws.cloud.qdrant.io:6333/collections/survival_strategies/points?wait=true "HTTP/1.1 200 OK"
2025-10-19 00:21:57 - ingestion.chunk_embedding_upserting - INFO -    ✅ Batch 1 upserted successfully
2025-10-19 00:21:58 - prefect.task_runs - INFO - Finished in state Completed()
2025-10-19 00:21:58 - ingestion.chunk_embedding_upserting - INFO - ✅ how_to_survive_a_pyroclastic_flow_20251019_001635.json: 7/7 chunks upserted
2025-10-19 00:21:58 - ingestion.chunk_embedding_upserting - INFO - 🧠 Memory usage: 1287.7 MB
2025-10-19 00:21:58 - ingestion.chunk_embedding_upserting - INFO - 
📄 [101/104] Processing how_to_escape_quicksand_20251019_001635.json...
2025-10-19 00:21:58 - ingestion.chunk_embedding_upserting - INFO - 🧠 Memory usage: 1287.7 MB
2025-10-19 00:21:58 - ingestion.chunk_embedding_upserting - INFO -    📄 Loaded 7 chunks from how_to_escape_quicksand_20251019_001635.json
2025-10-19 00:21:58 - ingestion.chunk_embedding_upserting - INFO -    📊 7 chunks loaded from file
2025-10-19 00:21:58 - ingestion.chunk_embedding_upserting - INFO -    🔄 Batch 1/1 (7 chunks)...
2025-10-19 00:21:58 - ingestion.chunk_embedding_upserting - INFO - 🔢 Generating embeddings for 7 chunks...
2025-10-19 00:21:58 - httpx - INFO - HTTP Request: POST http://127.0.0.1:8757/api/logs/ "HTTP/1.1 201 Created"
2025-10-19 00:22:01 - ingestion.chunk_embedding_upserting - INFO - ✅ Generated 7 embeddings
2025-10-19 00:22:01 - httpx - INFO - HTTP Request: PUT https://5ef7d200-3b5c-4874-8f95-e621d3d5d429.eu-central-1-0.aws.cloud.qdrant.io:6333/collections/survival_strategies/points?wait=true "HTTP/1.1 200 OK"
2025-10-19 00:22:01 - ingestion.chunk_embedding_upserting - INFO -    ✅ Batch 1 upserted successfully
2025-10-19 00:22:02 - prefect.task_runs - INFO - Finished in state Completed()
2025-10-19 00:22:02 - ingestion.chunk_embedding_upserting - INFO - ✅ how_to_escape_quicksand_20251019_001635.json: 7/7 chunks upserted
2025-10-19 00:22:02 - ingestion.chunk_embedding_upserting - INFO - 🧠 Memory usage: 1287.7 MB
2025-10-19 00:22:02 - ingestion.chunk_embedding_upserting - INFO - 
📄 [102/104] Processing how_to_survive_an_avalanche_according_to_science_20251019_001635.json...
2025-10-19 00:22:02 - ingestion.chunk_embedding_upserting - INFO - 🧠 Memory usage: 1287.7 MB
2025-10-19 00:22:02 - ingestion.chunk_embedding_upserting - INFO -    📄 Loaded 1 chunks from how_to_survive_an_avalanche_according_to_science_20251019_001635.json
2025-10-19 00:22:02 - ingestion.chunk_embedding_upserting - INFO -    📊 1 chunks loaded from file
2025-10-19 00:22:02 - ingestion.chunk_embedding_upserting - INFO -    🔄 Batch 1/1 (1 chunks)...
2025-10-19 00:22:02 - ingestion.chunk_embedding_upserting - INFO - 🔢 Generating embeddings for 1 chunks...
2025-10-19 00:22:02 - httpx - INFO - HTTP Request: POST http://127.0.0.1:8757/api/logs/ "HTTP/1.1 201 Created"
2025-10-19 00:22:02 - ingestion.chunk_embedding_upserting - INFO - ✅ Generated 1 embeddings
2025-10-19 00:22:03 - httpx - INFO - HTTP Request: PUT https://5ef7d200-3b5c-4874-8f95-e621d3d5d429.eu-central-1-0.aws.cloud.qdrant.io:6333/collections/survival_strategies/points?wait=true "HTTP/1.1 200 OK"
2025-10-19 00:22:03 - ingestion.chunk_embedding_upserting - INFO -    ✅ Batch 1 upserted successfully
2025-10-19 00:22:03 - prefect.task_runs - INFO - Finished in state Completed()
2025-10-19 00:22:03 - ingestion.chunk_embedding_upserting - INFO - ✅ how_to_survive_an_avalanche_according_to_science_20251019_001635.json: 1/1 chunks upserted
2025-10-19 00:22:03 - ingestion.chunk_embedding_upserting - INFO - 🧠 Memory usage: 1287.7 MB
2025-10-19 00:22:03 - ingestion.chunk_embedding_upserting - INFO - 
📄 [103/104] Processing what_happens_when_humans_get_rabies_20251019_001635.json...
2025-10-19 00:22:03 - ingestion.chunk_embedding_upserting - INFO - 🧠 Memory usage: 1287.7 MB
2025-10-19 00:22:03 - ingestion.chunk_embedding_upserting - INFO -    📄 Loaded 5 chunks from what_happens_when_humans_get_rabies_20251019_001635.json
2025-10-19 00:22:03 - ingestion.chunk_embedding_upserting - INFO -    📊 5 chunks loaded from file
2025-10-19 00:22:03 - ingestion.chunk_embedding_upserting - INFO -    🔄 Batch 1/1 (5 chunks)...
2025-10-19 00:22:03 - ingestion.chunk_embedding_upserting - INFO - 🔢 Generating embeddings for 5 chunks...
2025-10-19 00:22:04 - httpx - INFO - HTTP Request: POST http://127.0.0.1:8757/api/logs/ "HTTP/1.1 201 Created"
2025-10-19 00:22:04 - ingestion.chunk_embedding_upserting - INFO - ✅ Generated 5 embeddings
2025-10-19 00:22:05 - httpx - INFO - HTTP Request: PUT https://5ef7d200-3b5c-4874-8f95-e621d3d5d429.eu-central-1-0.aws.cloud.qdrant.io:6333/collections/survival_strategies/points?wait=true "HTTP/1.1 200 OK"
2025-10-19 00:22:05 - ingestion.chunk_embedding_upserting - INFO -    ✅ Batch 1 upserted successfully
2025-10-19 00:22:05 - prefect.task_runs - INFO - Finished in state Completed()
2025-10-19 00:22:05 - ingestion.chunk_embedding_upserting - INFO - ✅ what_happens_when_humans_get_rabies_20251019_001635.json: 5/5 chunks upserted
2025-10-19 00:22:05 - ingestion.chunk_embedding_upserting - INFO - 🧠 Memory usage: 1287.7 MB
2025-10-19 00:22:05 - ingestion.chunk_embedding_upserting - INFO - 
📄 [104/104] Processing how_to_survive_social_isolation_20251019_001635.json...
2025-10-19 00:22:05 - ingestion.chunk_embedding_upserting - INFO - 🧠 Memory usage: 1287.7 MB
2025-10-19 00:22:05 - ingestion.chunk_embedding_upserting - INFO -    📄 Loaded 9 chunks from how_to_survive_social_isolation_20251019_001635.json
2025-10-19 00:22:05 - ingestion.chunk_embedding_upserting - INFO -    📊 9 chunks loaded from file
2025-10-19 00:22:05 - ingestion.chunk_embedding_upserting - INFO -    🔄 Batch 1/1 (9 chunks)...
2025-10-19 00:22:05 - ingestion.chunk_embedding_upserting - INFO - 🔢 Generating embeddings for 9 chunks...
2025-10-19 00:22:06 - httpx - INFO - HTTP Request: POST http://127.0.0.1:8757/api/logs/ "HTTP/1.1 201 Created"
2025-10-19 00:22:06 - ingestion.chunk_embedding_upserting - INFO - ✅ Generated 9 embeddings
2025-10-19 00:22:07 - httpx - INFO - HTTP Request: PUT https://5ef7d200-3b5c-4874-8f95-e621d3d5d429.eu-central-1-0.aws.cloud.qdrant.io:6333/collections/survival_strategies/points?wait=true "HTTP/1.1 200 OK"
2025-10-19 00:22:07 - ingestion.chunk_embedding_upserting - INFO -    ✅ Batch 1 upserted successfully
2025-10-19 00:22:07 - prefect.task_runs - INFO - Finished in state Completed()
2025-10-19 00:22:07 - ingestion.chunk_embedding_upserting - INFO - ✅ how_to_survive_social_isolation_20251019_001635.json: 9/9 chunks upserted
2025-10-19 00:22:07 - ingestion.chunk_embedding_upserting - INFO - 🧠 Memory usage: 1287.7 MB
2025-10-19 00:22:07 - ingestion.chunk_embedding_upserting - INFO - 
🎉 Sequential processing completed!
2025-10-19 00:22:07 - ingestion.chunk_embedding_upserting - INFO - 📊 Total chunks upserted: 644
2025-10-19 00:22:07 - prefect.task_runs - INFO - Finished in state Completed()
2025-10-19 00:22:07 - ingestion.chunk_embedding_upserting - INFO - 
🧹 Cleaning up 104 processed files...
2025-10-19 00:22:07 - ingestion.chunk_embedding_upserting - INFO - 
🎉 SUCCESS: 644 chunks upserted to Qdrant Cloud
2025-10-19 00:22:07 - ingestion.chunk_embedding_upserting - INFO - 📊 Collection: survival_strategies
2025-10-19 00:22:07 - prefect.task_runs - INFO - Finished in state Completed()
2025-10-19 00:22:07 - __main__ - INFO - 🎉 Chunk->Embed->Upsert Pipeline completed successfully!
2025-10-19 00:22:07 - httpx - INFO - HTTP Request: POST http://127.0.0.1:8757/api/flow_runs/20cb7eb2-76ba-49dd-9501-608b65b4609e/set_state "HTTP/1.1 201 Created"
2025-10-19 00:22:07 - prefect.flow_runs - INFO - Finished in state Completed()
2025-10-19 00:22:08 - httpx - INFO - HTTP Request: POST http://127.0.0.1:8757/api/logs/ "HTTP/1.1 201 Created"
2025-10-19 00:22:08 - prefect - INFO - Stopping temporary server on http://127.0.0.1:8757
